experiment_id,phase,result_file,dataset_id,dataset_sha256,dataset_bytes,seed,git_commit,utc_timestamp,config,codec_kind,n_relations,n_independent,recovered_bits,container_bytes,payload_bits,relation_description_bits,header_bits,framing_bits,crc_bits,leftover_bits,metadata_bits_total,accounting_total_bits,accounting_ok,raw_best_bytes,composed_best_bytes,composition_gap_bytes,composition_gap_pct,composition_gap_matched_bytes,codec_sets_match,available_raw_codecs,available_composed_codecs,raw_gap_bytes,roundtrip_ok,composed_roundtrip_mode,composed_roundtrip_ok,composed_roundtrip_n_checked,verdict,package_versions,platform,baseline_gzip9,baseline_zlib9,baseline_bz2_9,baseline_xz9,baseline_zstd19,baseline_brotli11,composed_gzip9,composed_zlib9,composed_bz2_9,composed_xz9,composed_zstd19,composed_brotli11
control_nonaligned_period_w48,controls,results/controls/control_nonaligned_period_w48.json,nonaligned_period_w48_s71,90bf4c264f81709fef54c5479b9b212a06bad48b5a20b7b30b81aac0f9421508,36000,71,e7af4dfbb9549afb64aac80c10821e8143067d6f-dirty,2026-08-29T15:24:00.757158+00:00,"{""control"": ""scope_axis_aligned"", ""note"": ""structure is real at width 48/96; not among tried widths"", ""record_period_bits"": 48, ""tried_widths"": [8, 16, 32, 64, 128, 256]}",PASSTHROUGH,0,288000,0,36018,288000,0,112,0,32,0,144,288144,True,36004,36022,-18,-0.0004999444506165982,-18,True,"brotli11,bz2_9,gzip9,xz9,zlib9,zstd19","brotli11,bz2_9,gzip9,xz9,zlib9,zstd19",-14,True,full,True,6,raw_gap-14 no_deduction header_perturbation-18,"{""brotli"": ""1.2.0"", ""bz2"": ""stdlib"", ""gzip"": ""stdlib"", ""lzma"": ""stdlib"", ""numpy"": ""2.2.6"", ""python"": ""3.13.6"", ""zlib"": ""stdlib"", ""zstandard"": ""0.25.0""}",Windows-11-10.0.22631-SP0,36033,36021,36508,36060,36010,36004,36051,36039,36527,36080,36028,36022
control_null_iid_bits,controls,results/controls/control_null_iid_bits.json,iid_bits,07ef8ee9642204bf5345ca068ae82bd7bf9eb39e6c835083396842e73f9b320a,65536,,e7af4dfbb9549afb64aac80c10821e8143067d6f-dirty,2026-08-29T15:23:43.925607+00:00,"{""control"": ""null"", ""tag"": ""iid_bits""}",PASSTHROUGH,0,524288,0,65554,524288,0,112,0,32,0,144,524432,True,65540,65559,-19,-0.00028989929813854134,-19,True,"brotli11,bz2_9,gzip9,xz9,zlib9,zstd19","brotli11,bz2_9,gzip9,xz9,zlib9,zstd19",-14,True,full,True,6,raw_gap-14 no_deduction header_perturbation-19,"{""brotli"": ""1.2.0"", ""bz2"": ""stdlib"", ""gzip"": ""stdlib"", ""lzma"": ""stdlib"", ""numpy"": ""2.2.6"", ""python"": ""3.13.6"", ""zlib"": ""stdlib"", ""zstandard"": ""0.25.0""}",Windows-11-10.0.22631-SP0,65574,65562,66181,65600,65546,65540,65592,65580,66190,65620,65564,65559
control_null_near_relation_1flip,controls,results/controls/control_null_near_relation_1flip.json,near_relation_1flip,ac02159c631b4bc3e463a21f7dba494dcd6f3bef15b12b4ad3ad0b21c6a10c7e,8704,,e7af4dfbb9549afb64aac80c10821e8143067d6f-dirty,2026-08-29T15:23:44.862082+00:00,"{""control"": ""null"", ""tag"": ""near_relation_1flip""}",PASSTHROUGH,0,69632,0,8722,69632,0,112,0,32,0,144,69776,True,8708,8726,-18,-0.0020670647680293983,-18,True,"brotli11,bz2_9,gzip9,xz9,zlib9,zstd19","brotli11,bz2_9,gzip9,xz9,zlib9,zstd19",-14,True,full,True,6,raw_gap-14 no_deduction header_perturbation-18,"{""brotli"": ""1.2.0"", ""bz2"": ""stdlib"", ""gzip"": ""stdlib"", ""lzma"": ""stdlib"", ""numpy"": ""2.2.6"", ""python"": ""3.13.6"", ""zlib"": ""stdlib"", ""zstandard"": ""0.25.0""}",Windows-11-10.0.22631-SP0,8727,8715,9187,8764,8714,8708,8745,8733,9205,8784,8732,8726
control_null_shuffled_planted,controls,results/controls/control_null_shuffled_planted.json,shuffled_planted,26242f13b53356f97d6517e1c9daa304d52383500e3a61ee025035c7c4599cbd,16384,,e7af4dfbb9549afb64aac80c10821e8143067d6f-dirty,2026-08-29T15:23:44.473922+00:00,"{""control"": ""null"", ""tag"": ""shuffled_planted""}",PASSTHROUGH,0,131072,0,16402,131072,0,112,0,32,0,144,131216,True,16388,16406,-18,-0.001098364657066146,-18,True,"brotli11,bz2_9,gzip9,xz9,zlib9,zstd19","brotli11,bz2_9,gzip9,xz9,zlib9,zstd19",-14,True,full,True,6,raw_gap-14 no_deduction header_perturbation-18,"{""brotli"": ""1.2.0"", ""bz2"": ""stdlib"", ""gzip"": ""stdlib"", ""lzma"": ""stdlib"", ""numpy"": ""2.2.6"", ""python"": ""3.13.6"", ""zlib"": ""stdlib"", ""zstandard"": ""0.25.0""}",Windows-11-10.0.22631-SP0,16407,16395,16869,16444,16394,16388,16427,16415,16873,16464,16412,16406
control_positive_gf2_n1280_k32_p32_s902,controls,results/controls/control_positive_gf2_n1280_k32_p32_s902.json,gf2_n1280_k32_p32_s902,c78ca4eb1e539975d9aa8b76779a790da3ab91af027b14de14c2d22c1f4b97d6,10240,902,e7af4dfbb9549afb64aac80c10821e8143067d6f-dirty,2026-08-29T15:23:41.217560+00:00,"{""codec"": ""gf2"", ""control"": ""positive"", ""n_cols"": 64, ""n_info"": 32, ""n_parity"": 32, ""n_rows"": 1280, ""seed"": 902}",GF2,32,32,40960,5291,40960,1088,216,0,32,32,1368,42328,True,10244,5295,4949,0.48311206559937525,4949,True,"brotli11,bz2_9,gzip9,xz9,zlib9,zstd19","brotli11,bz2_9,gzip9,xz9,zlib9,zstd19",4953,True,full,True,6,raw_gap+4953 comp_gap+4949,"{""brotli"": ""1.2.0"", ""bz2"": ""stdlib"", ""gzip"": ""stdlib"", ""lzma"": ""stdlib"", ""numpy"": ""2.2.6"", ""python"": ""3.13.6"", ""zlib"": ""stdlib"", ""zstandard"": ""0.25.0""}",Windows-11-10.0.22631-SP0,10263,10251,10710,10300,10250,10244,5314,5302,5845,5352,5301,5295
control_positive_gf2_n4096_k32_p32_s12,controls,results/controls/control_positive_gf2_n4096_k32_p32_s12.json,gf2_n4096_k32_p32_s12,ddf23fa518129c14d6cdb1fed067de7cbf5aec8e8d2e2d3d762d53dd271f1615,32768,12,e7af4dfbb9549afb64aac80c10821e8143067d6f-dirty,2026-08-29T15:23:42.212160+00:00,"{""codec"": ""gf2"", ""control"": ""positive"", ""n_cols"": 64, ""n_info"": 32, ""n_parity"": 32, ""n_rows"": 4096, ""seed"": 12}",GF2,32,32,131072,16555,131072,1088,216,0,32,32,1368,132440,True,32772,16559,16213,0.49472110338093495,16213,True,"brotli11,bz2_9,gzip9,xz9,zlib9,zstd19","brotli11,bz2_9,gzip9,xz9,zlib9,zstd19",16217,True,full,True,6,raw_gap+16217 comp_gap+16213,"{""brotli"": ""1.2.0"", ""bz2"": ""stdlib"", ""gzip"": ""stdlib"", ""lzma"": ""stdlib"", ""numpy"": ""2.2.6"", ""python"": ""3.13.6"", ""zlib"": ""stdlib"", ""zstandard"": ""0.25.0""}",Windows-11-10.0.22631-SP0,32796,32784,33258,32828,32778,32772,16583,16571,17025,16616,16565,16559
control_positive_gf2_n8192_k48_p48_s777,controls,results/controls/control_positive_gf2_n8192_k48_p48_s777.json,gf2_n8192_k48_p48_s777,89e0d8c75a499985ee5ca382ac6faeb9cbf74b9b3f3b2276ddef43a14324fd0c,98304,777,e7af4dfbb9549afb64aac80c10821e8143067d6f-dirty,2026-08-29T15:23:42.967716+00:00,"{""codec"": ""gf2"", ""control"": ""positive"", ""n_cols"": 96, ""n_info"": 48, ""n_parity"": 48, ""n_rows"": 8192, ""seed"": 777}",GF2,48,48,393216,49487,393216,2400,216,0,32,32,2680,395896,True,98309,49491,48818,0.49657711908370544,48818,True,"brotli11,bz2_9,gzip9,xz9,zlib9,zstd19","brotli11,bz2_9,gzip9,xz9,zlib9,zstd19",48822,True,full,True,6,raw_gap+48822 comp_gap+48818,"{""brotli"": ""1.2.0"", ""bz2"": ""stdlib"", ""gzip"": ""stdlib"", ""lzma"": ""stdlib"", ""numpy"": ""2.2.6"", ""python"": ""3.13.6"", ""zlib"": ""stdlib"", ""zstandard"": ""0.25.0""}",Windows-11-10.0.22631-SP0,98352,98340,99108,98368,98316,98309,49525,49513,50054,49548,49497,49491
control_priorart_affine_fd,controls,results/controls/control_priorart_affine_fd.json,fd_affine_n8192_s21,4f6c208becf02ec8d4ea5c77a4c922362a5ed886b84b550d547b400518e30ec7,196608,21,e7af4dfbb9549afb64aac80c10821e8143067d6f-dirty,2026-08-29T15:23:52.583611+00:00,"{""control"": ""prior_art"", ""label"": ""FD_elimination"", ""prior_art"": true}",TABULAR_AFFINE,1,2,524288,131116,1048576,105,208,7,32,0,352,1048928,True,108208,70328,37880,0.35006653851840897,37880,True,"brotli11,bz2_9,gzip9,xz9,zlib9,zstd19","brotli11,bz2_9,gzip9,xz9,zlib9,zstd19",-22908,True,full,True,6,raw_gap-22908 comp_gap+37880,"{""brotli"": ""1.2.0"", ""bz2"": ""stdlib"", ""gzip"": ""stdlib"", ""lzma"": ""stdlib"", ""numpy"": ""2.2.6"", ""python"": ""3.13.6"", ""zlib"": ""stdlib"", ""zstandard"": ""0.25.0""}",Windows-11-10.0.22631-SP0,125378,125366,119570,108208,110898,120659,81991,81979,76187,70328,71283,77849
control_priorart_crc32_affine,controls,results/controls/control_priorart_crc32_affine.json,crc32_n4096_p4_s777,de72357e2f35c2a6da28156eecb043bd8b2a1fc14b3d6207217464e6f9c6803e,32768,777,e7af4dfbb9549afb64aac80c10821e8143067d6f-dirty,2026-08-29T15:23:53.112139+00:00,"{""control"": ""prior_art"", ""label"": ""checksum_inversion"", ""n_cols"": 64, ""prior_art"": true}",GF2,32,32,131072,16559,131072,1120,216,0,32,32,1400,132472,True,32772,16563,16209,0.49459904796777737,16209,True,"brotli11,bz2_9,gzip9,xz9,zlib9,zstd19","brotli11,bz2_9,gzip9,xz9,zlib9,zstd19",16213,True,full,True,6,raw_gap+16213 comp_gap+16209,"{""brotli"": ""1.2.0"", ""bz2"": ""stdlib"", ""gzip"": ""stdlib"", ""lzma"": ""stdlib"", ""numpy"": ""2.2.6"", ""python"": ""3.13.6"", ""zlib"": ""stdlib"", ""zstandard"": ""0.25.0""}",Windows-11-10.0.22631-SP0,32796,32784,33266,32828,32778,32772,16587,16575,17042,16620,16569,16563
control_sweep_phi0,controls,results/controls/control_sweep_phi0.json,corrupt_gf2_n4096_k32_p32_phi0_s433,86164b94fdbc398b84e51e3ca1ec3403505fa2bfbd1e1af62479f200b254f583,32768,433,e7af4dfbb9549afb64aac80c10821e8143067d6f-dirty,2026-08-29T15:23:45.438307+00:00,"{""control"": ""degradation"", ""flip_fraction"": 0.0, ""n_cols"": 64, ""n_flipped"": 0}",GF2,32,32,131072,16555,131072,1088,216,0,32,32,1368,132440,True,32772,16559,16213,0.49472110338093495,16213,True,"brotli11,bz2_9,gzip9,xz9,zlib9,zstd19","brotli11,bz2_9,gzip9,xz9,zlib9,zstd19",16217,True,full,True,6,raw_gap+16217 comp_gap+16213,"{""brotli"": ""1.2.0"", ""bz2"": ""stdlib"", ""gzip"": ""stdlib"", ""lzma"": ""stdlib"", ""numpy"": ""2.2.6"", ""python"": ""3.13.6"", ""zlib"": ""stdlib"", ""zstandard"": ""0.25.0""}",Windows-11-10.0.22631-SP0,32796,32784,33259,32828,32778,32772,16583,16571,17006,16616,16565,16559
control_sweep_phi0.0001,controls,results/controls/control_sweep_phi0.0001.json,corrupt_gf2_n4096_k32_p32_phi0.0001_s433,cfaedf20ea0897788941b2572a81db4694d756a65094e05cd9a740f4e24357c4,32768,433,e7af4dfbb9549afb64aac80c10821e8143067d6f-dirty,2026-08-29T15:23:46.094019+00:00,"{""control"": ""degradation"", ""flip_fraction"": 0.0001, ""n_cols"": 64, ""n_flipped"": 13}",GF2,53,75,108544,19748,153600,4103,216,1,32,32,4384,157984,True,32772,19534,13238,0.40394238984498965,13238,True,"brotli11,bz2_9,gzip9,xz9,zlib9,zstd19","brotli11,bz2_9,gzip9,xz9,zlib9,zstd19",13024,True,full,True,6,raw_gap+13024 comp_gap+13238,"{""brotli"": ""1.2.0"", ""bz2"": ""stdlib"", ""gzip"": ""stdlib"", ""lzma"": ""stdlib"", ""numpy"": ""2.2.6"", ""python"": ""3.13.6"", ""zlib"": ""stdlib"", ""zstandard"": ""0.25.0""}",Windows-11-10.0.22631-SP0,32796,32784,33263,32828,32778,32772,19644,19632,20063,19808,19534,19542
control_sweep_phi0.001,controls,results/controls/control_sweep_phi0.001.json,corrupt_gf2_n4096_k32_p32_phi0.001_s433,24af15505213725b1c43d47a4313e28115866daff2eaa3cb65e5e1915ec450da,32768,433,e7af4dfbb9549afb64aac80c10821e8143067d6f-dirty,2026-08-29T15:23:46.706996+00:00,"{""control"": ""degradation"", ""flip_fraction"": 0.001, ""n_cols"": 64, ""n_flipped"": 131}",GF2,6,122,12288,31375,249856,860,216,4,32,32,1144,251000,True,32772,31370,1402,0.04278042231172952,1402,True,"brotli11,bz2_9,gzip9,xz9,zlib9,zstd19","brotli11,bz2_9,gzip9,xz9,zlib9,zstd19",1397,True,full,True,6,raw_gap+1397 comp_gap+1402,"{""brotli"": ""1.2.0"", ""bz2"": ""stdlib"", ""gzip"": ""stdlib"", ""lzma"": ""stdlib"", ""numpy"": ""2.2.6"", ""python"": ""3.13.6"", ""zlib"": ""stdlib"", ""zstandard"": ""0.25.0""}",Windows-11-10.0.22631-SP0,32796,32784,33266,32828,32778,32772,31382,31370,31828,31436,31385,31379
control_sweep_phi0.01,controls,results/controls/control_sweep_phi0.01.json,corrupt_gf2_n4096_k32_p32_phi0.01_s433,f26e953f4393bcc0c992fce4f64df73edb90976e0b6ba27c3522295d350fd92c,32768,433,e7af4dfbb9549afb64aac80c10821e8143067d6f-dirty,2026-08-29T15:23:47.628262+00:00,"{""control"": ""degradation"", ""flip_fraction"": 0.01, ""n_cols"": 64, ""n_flipped"": 1311}",PASSTHROUGH,0,262144,0,32786,262144,0,112,0,32,0,144,262288,True,32772,32790,-18,-0.0005492493592090809,-18,True,"brotli11,bz2_9,gzip9,xz9,zlib9,zstd19","brotli11,bz2_9,gzip9,xz9,zlib9,zstd19",-14,True,full,True,6,raw_gap-14 no_deduction header_perturbation-18,"{""brotli"": ""1.2.0"", ""bz2"": ""stdlib"", ""gzip"": ""stdlib"", ""lzma"": ""stdlib"", ""numpy"": ""2.2.6"", ""python"": ""3.13.6"", ""zlib"": ""stdlib"", ""zstandard"": ""0.25.0""}",Windows-11-10.0.22631-SP0,32796,32784,33252,32828,32778,32772,32814,32802,33282,32848,32796,32790
control_sweep_phi0.05,controls,results/controls/control_sweep_phi0.05.json,corrupt_gf2_n4096_k32_p32_phi0.05_s433,157bc34c5e624b525feeab8a6ad95b6dd08c199f28bf7c3786b3f8e54715ac88,32768,433,e7af4dfbb9549afb64aac80c10821e8143067d6f-dirty,2026-08-29T15:23:48.343820+00:00,"{""control"": ""degradation"", ""flip_fraction"": 0.05, ""n_cols"": 64, ""n_flipped"": 6554}",PASSTHROUGH,0,262144,0,32786,262144,0,112,0,32,0,144,262288,True,32772,32790,-18,-0.0005492493592090809,-18,True,"brotli11,bz2_9,gzip9,xz9,zlib9,zstd19","brotli11,bz2_9,gzip9,xz9,zlib9,zstd19",-14,True,full,True,6,raw_gap-14 no_deduction header_perturbation-18,"{""brotli"": ""1.2.0"", ""bz2"": ""stdlib"", ""gzip"": ""stdlib"", ""lzma"": ""stdlib"", ""numpy"": ""2.2.6"", ""python"": ""3.13.6"", ""zlib"": ""stdlib"", ""zstandard"": ""0.25.0""}",Windows-11-10.0.22631-SP0,32796,32784,33271,32828,32778,32772,32816,32804,33276,32848,32796,32790
nat_silesia_dickens,natural,results/natural/nat_silesia_dickens.json,silesia_dickens,b24c37886142e11d0ee687db6ab06f936207aa7f2ea1fd1d9a36763c7a507e6a,10192446,,e89073977350ef611f91acdeaf303c5dcad9a61c-dirty,2026-08-29T15:06:14.558301+00:00,"{""acquisition"": ""whole_file"", ""category"": ""silesia"", ""codec"": ""gf2_best"", ""widths"": [8, 16, 32, 64, 128, 256]}",GF2,25,231,7962825,9197882,73576503,6031,216,2,32,272,6553,73583056,True,2799520,5444536,-2645016,-0.9448105389495342,-2645016,True,"brotli11,bz2_9,gzip9,xz9,zlib9,zstd19","brotli11,bz2_9,gzip9,xz9,zlib9,zstd19",-6398362,True,fast_subset,True,3,raw_gap-6398362 comp_gap-2645016,"{""brotli"": ""1.2.0"", ""bz2"": ""stdlib"", ""gzip"": ""stdlib"", ""lzma"": ""stdlib"", ""numpy"": ""2.2.6"", ""python"": ""3.13.6"", ""zlib"": ""stdlib"", ""zstandard"": ""0.25.0""}",Windows-11-10.0.22631-SP0,3854747,3854735,2799520,2830604,2849941,2853158,7684888,7684876,5499099,5444536,5503061,5507377
nat_silesia_mr,natural,results/natural/nat_silesia_mr.json,silesia_mr,68637ed52e3e4860174ed2dc0840ac77d5f1a60abbcb13770d5754e3774d53e6,9970564,,a6254ebd23d7ae38c0de598d6d9498c427f59317-dirty,2026-08-29T16:20:21.649075+00:00,"{""acquisition"": ""whole_file"", ""category"": ""silesia"", ""codec"": ""gf2_best"", ""widths"": [8, 16, 32, 64, 128, 256]}",PASSTHROUGH,0,79764512,0,9970582,79764512,0,112,0,32,0,144,79764656,True,2441280,2440423,857,0.00035104535325730765,857,True,"brotli11,bz2_9,gzip9,xz9,zlib9,zstd19","brotli11,bz2_9,gzip9,xz9,zlib9,zstd19",-7529302,True,fast_subset,True,3,raw_gap-7529302 no_deduction header_perturbation+857,"{""brotli"": ""1.2.0"", ""bz2"": ""stdlib"", ""gzip"": ""stdlib"", ""lzma"": ""stdlib"", ""numpy"": ""2.2.6"", ""python"": ""3.13.6"", ""zlib"": ""stdlib"", ""zstandard"": ""0.25.0""}",Windows-11-10.0.22631-SP0,3660806,3660794,2441280,2750272,3107144,2825713,3660817,3660805,2440423,2750508,3100093,2825839
nat_silesia_ooffice,natural,results/natural/nat_silesia_ooffice.json,silesia_ooffice,e7ee013880d34dd5208283d0d3d91b07f442e067454276095ded14f322a656eb,6152192,,bbb7414e4e710a5758cf969a01ad13083847268f-dirty,2026-08-29T16:06:29.913494+00:00,"{""acquisition"": ""whole_file"", ""category"": ""silesia"", ""codec"": ""gf2_best"", ""widths"": [8, 16, 32, 64, 128, 256]}",PASSTHROUGH,0,49217536,0,6152210,49217536,0,112,0,32,0,144,49217680,True,2426816,2427004,-188,-7.746776022574434e-05,-188,True,"brotli11,bz2_9,gzip9,xz9,zlib9,zstd19","brotli11,bz2_9,gzip9,xz9,zlib9,zstd19",-3725394,True,fast_subset,True,3,raw_gap-3725394 no_deduction header_perturbation-188,"{""brotli"": ""1.2.0"", ""bz2"": ""stdlib"", ""gzip"": ""stdlib"", ""lzma"": ""stdlib"", ""numpy"": ""2.2.6"", ""python"": ""3.13.6"", ""zlib"": ""stdlib"", ""zstandard"": ""0.25.0""}",Windows-11-10.0.22631-SP0,3092938,3092926,2862526,2426816,2595003,2479758,3092949,3092937,2862972,2427004,2595155,2479848
nat_silesia_osdb,natural,results/natural/nat_silesia_osdb.json,silesia_osdb,60f027179302ca3ad87c58ac90b6be72ec23588aaa7a3b7fe8ecc0f11def3fa3,10085684,,0cc59f8fa6154f625fe9e3ae601ffdd00c377396-dirty,2026-08-29T16:24:24.007306+00:00,"{""acquisition"": ""whole_file"", ""category"": ""silesia"", ""codec"": ""gf2_best"", ""widths"": [8, 16, 32, 64, 128, 256]}",PASSTHROUGH,0,80685472,0,10085702,80685472,0,112,0,32,0,144,80685616,True,2802792,2802817,-25,-8.919677236127404e-06,-25,True,"brotli11,bz2_9,gzip9,xz9,zlib9,zstd19","brotli11,bz2_9,gzip9,xz9,zlib9,zstd19",-7282910,True,fast_subset,True,3,raw_gap-7282910 no_deduction header_perturbation-25,"{""brotli"": ""1.2.0"", ""bz2"": ""stdlib"", ""gzip"": ""stdlib"", ""lzma"": ""stdlib"", ""numpy"": ""2.2.6"", ""python"": ""3.13.6"", ""zlib"": ""stdlib"", ""zstandard"": ""0.25.0""}",Windows-11-10.0.22631-SP0,3673189,3673177,2802792,2849908,3100173,2825123,3673194,3673182,2802817,2849876,3095637,2825212
nat_silesia_reymont,natural,results/natural/nat_silesia_reymont.json,silesia_reymont,0eac0114a3dfe6e2ee1f345a0f79d653cb26c3bc9f0ed79238af4933422b7578,6627202,,bbb7414e4e710a5758cf969a01ad13083847268f-dirty,2026-08-29T16:09:13.945947+00:00,"{""acquisition"": ""whole_file"", ""category"": ""silesia"", ""codec"": ""gf2_best"", ""widths"": [8, 16, 32, 64, 128, 256]}",PASSTHROUGH,0,53017616,0,6627220,53017616,0,112,0,32,0,144,53017760,True,1246230,1246013,217,0.00017412516148704492,217,True,"brotli11,bz2_9,gzip9,xz9,zlib9,zstd19","brotli11,bz2_9,gzip9,xz9,zlib9,zstd19",-5380990,True,fast_subset,True,3,raw_gap-5380990 no_deduction header_perturbation+217,"{""brotli"": ""1.2.0"", ""bz2"": ""stdlib"", ""gzip"": ""stdlib"", ""lzma"": ""stdlib"", ""numpy"": ""2.2.6"", ""python"": ""3.13.6"", ""zlib"": ""stdlib"", ""zstandard"": ""0.25.0""}",Windows-11-10.0.22631-SP0,1823208,1823196,1246230,1317152,1348458,1335805,1823238,1823226,1246013,1317456,1348358,1335918
nat_silesia_sao,natural,results/natural/nat_silesia_sao.json,silesia_sao,c2d0ea2cc59d4c21b7fe43a71499342a00cbe530a1d5548770e91ecd6214adcc,7251944,,bbb7414e4e710a5758cf969a01ad13083847268f-dirty,2026-08-29T16:12:31.516902+00:00,"{""acquisition"": ""whole_file"", ""category"": ""silesia"", ""codec"": ""gf2_best"", ""widths"": [8, 16, 32, 64, 128, 256]}",PASSTHROUGH,0,58015552,0,7251962,58015552,0,112,0,32,0,144,58015696,True,4415072,4421480,-6408,-0.0014513919591798276,-6408,True,"brotli11,bz2_9,gzip9,xz9,zlib9,zstd19","brotli11,bz2_9,gzip9,xz9,zlib9,zstd19",-2836890,True,fast_subset,True,3,raw_gap-2836890 no_deduction header_perturbation-6408,"{""brotli"": ""1.2.0"", ""bz2"": ""stdlib"", ""gzip"": ""stdlib"", ""lzma"": ""stdlib"", ""numpy"": ""2.2.6"", ""python"": ""3.13.6"", ""zlib"": ""stdlib"", ""zstandard"": ""0.25.0""}",Windows-11-10.0.22631-SP0,5325932,5325920,4940524,4415072,5000572,4589967,5325943,5325931,4941797,4421480,5000232,4590002
nat_silesia_x-ray,natural,results/natural/nat_silesia_x-ray.json,silesia_x-ray,7de9fce1405dc44ae5e6813ed21cd5751e761bd4265655a005d39b9685d1c9ad,8474240,,a6254ebd23d7ae38c0de598d6d9498c427f59317,2026-08-29T16:16:32.205448+00:00,"{""acquisition"": ""whole_file"", ""category"": ""silesia"", ""codec"": ""gf2_best"", ""widths"": [8, 16, 32, 64, 128, 256]}",GF2,58,198,15359560,6555798,52434360,11740,216,4,32,32,12024,52446384,True,4051112,5958859,-1907747,-0.47091934263974927,-1907747,True,"brotli11,bz2_9,gzip9,xz9,zlib9,zstd19","brotli11,bz2_9,gzip9,xz9,zlib9,zstd19",-2504686,True,fast_subset,True,3,raw_gap-2504686 comp_gap-1907747,"{""brotli"": ""1.2.0"", ""bz2"": ""stdlib"", ""gzip"": ""stdlib"", ""lzma"": ""stdlib"", ""numpy"": ""2.2.6"", ""python"": ""3.13.6"", ""zlib"": ""stdlib"", ""zstandard"": ""0.25.0""}",Windows-11-10.0.22631-SP0,6045050,6045038,4051112,4489868,5129823,4687298,6519591,6519579,6085538,6190152,6259990,5958859
nat_silesia_xml,natural,results/natural/nat_silesia_xml.json,silesia_xml,0e82e54e695c1938e4193448022543845b33020c8be6bf3bf3ead2224903e08c,5345280,,bbb7414e4e710a5758cf969a01ad13083847268f-dirty,2026-08-29T16:03:50.033432+00:00,"{""acquisition"": ""whole_file"", ""category"": ""silesia"", ""codec"": ""gf2_best"", ""widths"": [8, 16, 32, 64, 128, 256]}",GF2,21,235,3507840,4907484,39254400,5191,216,1,32,32,5472,39259872,True,430390,1729428,-1299038,-3.0182810938915865,-1299038,True,"brotli11,bz2_9,gzip9,xz9,zlib9,zstd19","brotli11,bz2_9,gzip9,xz9,zlib9,zstd19",-4477094,True,fast_subset,True,3,raw_gap-4477094 comp_gap-1299038,"{""brotli"": ""1.2.0"", ""bz2"": ""stdlib"", ""gzip"": ""stdlib"", ""lzma"": ""stdlib"", ""numpy"": ""2.2.6"", ""python"": ""3.13.6"", ""zlib"": ""stdlib"", ""zstandard"": ""0.25.0""}",Windows-11-10.0.22631-SP0,658917,658905,441186,453260,452941,430390,2911524,2911512,1897409,1729428,1782985,1742424
nat_enwik8_slice,natural_slice,results/natural_slice/nat_enwik8_slice.json,enwik8@slice262144,0cdfd008d5327addbf5b118b4a8d616a8cc2971627727b10bfb20e97920881e7,262144,,e7af4dfbb9549afb64aac80c10821e8143067d6f-dirty,2026-08-29T15:25:15.403598+00:00,"{""acquisition"": ""dev_machine_feasibility_slice"", ""category"": ""text"", ""codec"": ""gf2_best"", ""prefix"": 262144, ""prefix_reason"": ""dev_machine_feasibility_slice"", ""widths"": [8, 16, 32, 64, 128, 256]}",PASSTHROUGH,0,2097152,0,262162,2097152,0,112,0,32,0,144,2097296,True,73306,73345,-39,-0.0005320164788693968,-39,True,"brotli11,bz2_9,gzip9,xz9,zlib9,zstd19","brotli11,bz2_9,gzip9,xz9,zlib9,zstd19",-188856,True,full,True,6,raw_gap-188856 no_deduction header_perturbation-39,"{""brotli"": ""1.2.0"", ""bz2"": ""stdlib"", ""gzip"": ""stdlib"", ""lzma"": ""stdlib"", ""numpy"": ""2.2.6"", ""python"": ""3.13.6"", ""zlib"": ""stdlib"", ""zstandard"": ""0.25.0""}",Windows-11-10.0.22631-SP0,90519,90507,75951,79120,81801,73306,90548,90536,75918,79164,81821,73345
nat_sdrbench_exaalt_vx_slice,natural_slice,results/natural_slice/nat_sdrbench_exaalt_vx_slice.json,sdrbench_exaalt2869440_vx.f32@slice262144,4a7274ecf55ef46c2c9315898e87ecaa1604ba2478338046366856ad6cd872a2,262144,,e7af4dfbb9549afb64aac80c10821e8143067d6f-dirty,2026-08-29T15:25:20.352711+00:00,"{""acquisition"": ""dev_machine_feasibility_slice"", ""category"": ""scientific_f32"", ""codec"": ""gf2_best"", ""prefix"": 262144, ""prefix_reason"": ""dev_machine_feasibility_slice"", ""widths"": [8, 16, 32, 64, 128, 256]}",GF2,3,29,196608,237619,1900544,122,216,6,32,32,408,1900952,True,226805,237624,-10819,-0.04770177024316043,-10819,True,"brotli11,bz2_9,gzip9,xz9,zlib9,zstd19","brotli11,bz2_9,gzip9,xz9,zlib9,zstd19",-10814,True,full,True,6,raw_gap-10814 comp_gap-10819,"{""brotli"": ""1.2.0"", ""bz2"": ""stdlib"", ""gzip"": ""stdlib"", ""lzma"": ""stdlib"", ""numpy"": ""2.2.6"", ""python"": ""3.13.6"", ""zlib"": ""stdlib"", ""zstandard"": ""0.25.0""}",Windows-11-10.0.22631-SP0,241886,241874,226805,231732,237689,238394,237712,237700,237922,237688,237634,237624
nat_sdrbench_exaalt_vy_slice,natural_slice,results/natural_slice/nat_sdrbench_exaalt_vy_slice.json,sdrbench_exaalt2869440_vy.f32@slice262144,048529c77afa1110a4c2171c4fbc89a45ea4547547d1468597081a75d08e73e7,262144,,e7af4dfbb9549afb64aac80c10821e8143067d6f-dirty,2026-08-29T15:25:25.283679+00:00,"{""acquisition"": ""dev_machine_feasibility_slice"", ""category"": ""scientific_f32"", ""codec"": ""gf2_best"", ""prefix"": 262144, ""prefix_reason"": ""dev_machine_feasibility_slice"", ""widths"": [8, 16, 32, 64, 128, 256]}",GF2,3,29,196608,237619,1900544,122,216,6,32,32,408,1900952,True,226808,237624,-10816,-0.04768791224295439,-10816,True,"brotli11,bz2_9,gzip9,xz9,zlib9,zstd19","brotli11,bz2_9,gzip9,xz9,zlib9,zstd19",-10811,True,full,True,6,raw_gap-10811 comp_gap-10816,"{""brotli"": ""1.2.0"", ""bz2"": ""stdlib"", ""gzip"": ""stdlib"", ""lzma"": ""stdlib"", ""numpy"": ""2.2.6"", ""python"": ""3.13.6"", ""zlib"": ""stdlib"", ""zstandard"": ""0.25.0""}",Windows-11-10.0.22631-SP0,241902,241890,226808,232408,237721,238467,237712,237700,237880,237688,237634,237624
nat_sdrbench_exaalt_vz_slice,natural_slice,results/natural_slice/nat_sdrbench_exaalt_vz_slice.json,sdrbench_exaalt2869440_vz.f32@slice262144,97aa02f7015b4d0f17a376152e51208e1d45021d67341c1bc33e016a0f93d472,262144,,e7af4dfbb9549afb64aac80c10821e8143067d6f-dirty,2026-08-29T15:25:30.183051+00:00,"{""acquisition"": ""dev_machine_feasibility_slice"", ""category"": ""scientific_f32"", ""codec"": ""gf2_best"", ""prefix"": 262144, ""prefix_reason"": ""dev_machine_feasibility_slice"", ""widths"": [8, 16, 32, 64, 128, 256]}",GF2,3,29,196608,237619,1900544,122,216,6,32,32,408,1900952,True,226655,237624,-10969,-0.04839513798504335,-10969,True,"brotli11,bz2_9,gzip9,xz9,zlib9,zstd19","brotli11,bz2_9,gzip9,xz9,zlib9,zstd19",-10964,True,full,True,6,raw_gap-10964 comp_gap-10969,"{""brotli"": ""1.2.0"", ""bz2"": ""stdlib"", ""gzip"": ""stdlib"", ""lzma"": ""stdlib"", ""numpy"": ""2.2.6"", ""python"": ""3.13.6"", ""zlib"": ""stdlib"", ""zstandard"": ""0.25.0""}",Windows-11-10.0.22631-SP0,242037,242025,226655,232256,237691,238531,237712,237700,237903,237688,237634,237624
nat_sdrbench_exaalt_xx_slice,natural_slice,results/natural_slice/nat_sdrbench_exaalt_xx_slice.json,sdrbench_exaalt2869440_xx.f32@slice262144,e606d0bd9463c442aebf3d6ba72ef2290e92d564c0b7cedc0512135244dabd83,262144,,e7af4dfbb9549afb64aac80c10821e8143067d6f-dirty,2026-08-29T15:25:36.251069+00:00,"{""acquisition"": ""dev_machine_feasibility_slice"", ""category"": ""scientific_f32"", ""codec"": ""gf2_best"", ""prefix"": 262144, ""prefix_reason"": ""dev_machine_feasibility_slice"", ""widths"": [8, 16, 32, 64, 128, 256]}",GF2,3,29,196608,237619,1900544,122,216,6,32,32,408,1900952,True,224585,236161,-11576,-0.05154395885744818,-11576,True,"brotli11,bz2_9,gzip9,xz9,zlib9,zstd19","brotli11,bz2_9,gzip9,xz9,zlib9,zstd19",-13034,True,full,True,6,raw_gap-13034 comp_gap-11576,"{""brotli"": ""1.2.0"", ""bz2"": ""stdlib"", ""gzip"": ""stdlib"", ""lzma"": ""stdlib"", ""numpy"": ""2.2.6"", ""python"": ""3.13.6"", ""zlib"": ""stdlib"", ""zstandard"": ""0.25.0""}",Windows-11-10.0.22631-SP0,242461,242449,224585,227868,237132,234663,236937,236925,238125,237688,236488,236161
nat_sdrbench_exaalt_yy_slice,natural_slice,results/natural_slice/nat_sdrbench_exaalt_yy_slice.json,sdrbench_exaalt2869440_yy.f32@slice262144,faa41a228bd98532d74417ab24464a9dd7009ecdbc2d7c6c35e22d75f22b77b6,262144,,e7af4dfbb9549afb64aac80c10821e8143067d6f-dirty,2026-08-29T15:25:42.045318+00:00,"{""acquisition"": ""dev_machine_feasibility_slice"", ""category"": ""scientific_f32"", ""codec"": ""gf2_best"", ""prefix"": 262144, ""prefix_reason"": ""dev_machine_feasibility_slice"", ""widths"": [8, 16, 32, 64, 128, 256]}",GF2,29,227,237568,233342,1859584,6868,216,4,32,32,7152,1866736,True,187128,231418,-44290,-0.23668291223120003,-44290,True,"brotli11,bz2_9,gzip9,xz9,zlib9,zstd19","brotli11,bz2_9,gzip9,xz9,zlib9,zstd19",-46214,True,full,True,6,raw_gap-46214 comp_gap-44290,"{""brotli"": ""1.2.0"", ""bz2"": ""stdlib"", ""gzip"": ""stdlib"", ""lzma"": ""stdlib"", ""numpy"": ""2.2.6"", ""python"": ""3.13.6"", ""zlib"": ""stdlib"", ""zstandard"": ""0.25.0""}",Windows-11-10.0.22631-SP0,220881,220869,187128,187944,205318,217730,232700,232688,231418,232900,232539,233347
nat_sdrbench_exaalt_zz_slice,natural_slice,results/natural_slice/nat_sdrbench_exaalt_zz_slice.json,sdrbench_exaalt2869440_zz.f32@slice262144,145a27d495fb529df112cd9422333cb07aec58147a4a7752251e439d269b1a1c,262144,,e7af4dfbb9549afb64aac80c10821e8143067d6f-dirty,2026-08-29T15:25:47.239643+00:00,"{""acquisition"": ""dev_machine_feasibility_slice"", ""category"": ""scientific_f32"", ""codec"": ""gf2_best"", ""prefix"": 262144, ""prefix_reason"": ""dev_machine_feasibility_slice"", ""widths"": [8, 16, 32, 64, 128, 256]}",GF2,3,29,196608,237619,1900544,122,216,6,32,32,408,1900952,True,215238,237574,-22336,-0.10377349724491028,-22336,True,"brotli11,bz2_9,gzip9,xz9,zlib9,zstd19","brotli11,bz2_9,gzip9,xz9,zlib9,zstd19",-22381,True,full,True,6,raw_gap-22381 comp_gap-22336,"{""brotli"": ""1.2.0"", ""bz2"": ""stdlib"", ""gzip"": ""stdlib"", ""lzma"": ""stdlib"", ""numpy"": ""2.2.6"", ""python"": ""3.13.6"", ""zlib"": ""stdlib"", ""zstandard"": ""0.25.0""}",Windows-11-10.0.22631-SP0,236531,236519,215238,216120,227716,229816,237586,237574,237885,237688,237634,237624
nat_silesia_dickens_slice,natural_slice,results/natural_slice/nat_silesia_dickens_slice.json,silesia_dickens@slice262144,becc366f2948cfbaefb219df19f54b101a842737428b01c7538b871a35c3edf4,262144,,e7af4dfbb9549afb64aac80c10821e8143067d6f-dirty,2026-08-29T15:24:06.845520+00:00,"{""acquisition"": ""dev_machine_feasibility_slice"", ""category"": ""silesia"", ""codec"": ""gf2_best"", ""prefix"": 262144, ""prefix_reason"": ""dev_machine_feasibility_slice"", ""widths"": [8, 16, 32, 64, 128, 256]}",GF2,31,225,253952,231339,1843200,7231,216,1,32,32,7512,1850712,True,77252,125079,-47827,-0.6191037125252421,-47827,True,"brotli11,bz2_9,gzip9,xz9,zlib9,zstd19","brotli11,bz2_9,gzip9,xz9,zlib9,zstd19",-154087,True,full,True,6,raw_gap-154087 comp_gap-47827,"{""brotli"": ""1.2.0"", ""bz2"": ""stdlib"", ""gzip"": ""stdlib"", ""lzma"": ""stdlib"", ""numpy"": ""2.2.6"", ""python"": ""3.13.6"", ""zlib"": ""stdlib"", ""zstandard"": ""0.25.0""}",Windows-11-10.0.22631-SP0,98593,98581,77252,85788,86981,82527,161864,161852,125079,140600,143068,141049
nat_silesia_mozilla_slice,natural_slice,results/natural_slice/nat_silesia_mozilla_slice.json,silesia_mozilla@slice262144,1baf584ca87856e51fada5fa257864019123d57aa8b9793c097eea145ee165a6,262144,,e7af4dfbb9549afb64aac80c10821e8143067d6f-dirty,2026-08-29T15:24:12.303125+00:00,"{""acquisition"": ""dev_machine_feasibility_slice"", ""category"": ""silesia"", ""codec"": ""gf2_best"", ""prefix"": 262144, ""prefix_reason"": ""dev_machine_feasibility_slice"", ""widths"": [8, 16, 32, 64, 128, 256]}",PASSTHROUGH,0,2097152,0,262162,2097152,0,112,0,32,0,144,2097296,True,111811,111865,-54,-0.00048295784851222154,-54,True,"brotli11,bz2_9,gzip9,xz9,zlib9,zstd19","brotli11,bz2_9,gzip9,xz9,zlib9,zstd19",-150351,True,full,True,6,raw_gap-150351 no_deduction header_perturbation-54,"{""brotli"": ""1.2.0"", ""bz2"": ""stdlib"", ""gzip"": ""stdlib"", ""lzma"": ""stdlib"", ""numpy"": ""2.2.6"", ""python"": ""3.13.6"", ""zlib"": ""stdlib"", ""zstandard"": ""0.25.0""}",Windows-11-10.0.22631-SP0,120596,120584,122711,113000,113857,111811,120607,120595,122731,113004,113876,111865
nat_silesia_mr_slice,natural_slice,results/natural_slice/nat_silesia_mr_slice.json,silesia_mr@slice262144,288236c90013320462fbe5864774054b26334be4ee59a8bde8a9797fbc9148f7,262144,,e7af4dfbb9549afb64aac80c10821e8143067d6f-dirty,2026-08-29T15:24:18.164684+00:00,"{""acquisition"": ""dev_machine_feasibility_slice"", ""category"": ""silesia"", ""codec"": ""gf2_best"", ""prefix"": 262144, ""prefix_reason"": ""dev_machine_feasibility_slice"", ""widths"": [8, 16, 32, 64, 128, 256]}",PASSTHROUGH,0,2097152,0,262162,2097152,0,112,0,32,0,144,2097296,True,55898,56017,-119,-0.002128877598482951,-119,True,"brotli11,bz2_9,gzip9,xz9,zlib9,zstd19","brotli11,bz2_9,gzip9,xz9,zlib9,zstd19",-206264,True,full,True,6,raw_gap-206264 no_deduction header_perturbation-119,"{""brotli"": ""1.2.0"", ""bz2"": ""stdlib"", ""gzip"": ""stdlib"", ""lzma"": ""stdlib"", ""numpy"": ""2.2.6"", ""python"": ""3.13.6"", ""zlib"": ""stdlib"", ""zstandard"": ""0.25.0""}",Windows-11-10.0.22631-SP0,79021,79009,55898,61252,70559,62355,79037,79025,56017,61568,70601,63022
nat_silesia_nci_slice,natural_slice,results/natural_slice/nat_silesia_nci_slice.json,silesia_nci@slice262144,6f129b33bdf149bcdab85d1402a4f6aa4e81c0733f5fe76bb6f82bead260759e,262144,,e7af4dfbb9549afb64aac80c10821e8143067d6f-dirty,2026-08-29T15:24:22.962310+00:00,"{""acquisition"": ""dev_machine_feasibility_slice"", ""category"": ""silesia"", ""codec"": ""gf2_best"", ""prefix"": 262144, ""prefix_reason"": ""dev_machine_feasibility_slice"", ""widths"": [8, 16, 32, 64, 128, 256]}",GF2,1,7,262144,229413,1835008,15,216,1,32,32,296,1835304,True,14563,25628,-11065,-0.7598022385497494,-11065,True,"brotli11,bz2_9,gzip9,xz9,zlib9,zstd19","brotli11,bz2_9,gzip9,xz9,zlib9,zstd19",-214850,True,full,True,6,raw_gap-214850 comp_gap-11065,"{""brotli"": ""1.2.0"", ""bz2"": ""stdlib"", ""gzip"": ""stdlib"", ""lzma"": ""stdlib"", ""numpy"": ""2.2.6"", ""python"": ""3.13.6"", ""zlib"": ""stdlib"", ""zstandard"": ""0.25.0""}",Windows-11-10.0.22631-SP0,22000,21988,14563,15944,15907,14884,40579,40567,25628,26752,28846,26987
nat_silesia_ooffice_slice,natural_slice,results/natural_slice/nat_silesia_ooffice_slice.json,silesia_ooffice@slice262144,41a8f0abe06c5c9e88665870be089e57c9b065bb3c27ac838cca48bcb793cb19,262144,,e7af4dfbb9549afb64aac80c10821e8143067d6f-dirty,2026-08-29T15:24:29.339672+00:00,"{""acquisition"": ""dev_machine_feasibility_slice"", ""category"": ""silesia"", ""codec"": ""gf2_best"", ""prefix"": 262144, ""prefix_reason"": ""dev_machine_feasibility_slice"", ""widths"": [8, 16, 32, 64, 128, 256]}",PASSTHROUGH,0,2097152,0,262162,2097152,0,112,0,32,0,144,2097296,True,123528,123544,-16,-0.00012952528981283597,-16,True,"brotli11,bz2_9,gzip9,xz9,zlib9,zstd19","brotli11,bz2_9,gzip9,xz9,zlib9,zstd19",-138634,True,full,True,6,raw_gap-138634 no_deduction header_perturbation-16,"{""brotli"": ""1.2.0"", ""bz2"": ""stdlib"", ""gzip"": ""stdlib"", ""lzma"": ""stdlib"", ""numpy"": ""2.2.6"", ""python"": ""3.13.6"", ""zlib"": ""stdlib"", ""zstandard"": ""0.25.0""}",Windows-11-10.0.22631-SP0,142495,142483,132783,123528,130469,125697,142502,142490,132775,123544,130499,125707
nat_silesia_osdb_slice,natural_slice,results/natural_slice/nat_silesia_osdb_slice.json,silesia_osdb@slice262144,dfafdca22a0cc7b551554126b88105a632275c0251164b07ca47633e97d91a11,262144,,e7af4dfbb9549afb64aac80c10821e8143067d6f-dirty,2026-08-29T15:24:35.757837+00:00,"{""acquisition"": ""dev_machine_feasibility_slice"", ""category"": ""silesia"", ""codec"": ""gf2_best"", ""prefix"": 262144, ""prefix_reason"": ""dev_machine_feasibility_slice"", ""widths"": [8, 16, 32, 64, 128, 256]}",PASSTHROUGH,0,2097152,0,262162,2097152,0,112,0,32,0,144,2097296,True,82475,82494,-19,-0.00023037284025462262,-19,True,"brotli11,bz2_9,gzip9,xz9,zlib9,zstd19","brotli11,bz2_9,gzip9,xz9,zlib9,zstd19",-179687,True,full,True,6,raw_gap-179687 no_deduction header_perturbation-19,"{""brotli"": ""1.2.0"", ""bz2"": ""stdlib"", ""gzip"": ""stdlib"", ""lzma"": ""stdlib"", ""numpy"": ""2.2.6"", ""python"": ""3.13.6"", ""zlib"": ""stdlib"", ""zstandard"": ""0.25.0""}",Windows-11-10.0.22631-SP0,98799,98787,82475,84560,91627,83930,98814,98802,82494,84576,91649,83931
nat_silesia_reymont_slice,natural_slice,results/natural_slice/nat_silesia_reymont_slice.json,silesia_reymont@slice262144,63949f06bead1d6e40964427389b88df91aaf71e8f908e2e40fb968db3d8f682,262144,,e7af4dfbb9549afb64aac80c10821e8143067d6f-dirty,2026-08-29T15:24:41.500866+00:00,"{""acquisition"": ""dev_machine_feasibility_slice"", ""category"": ""silesia"", ""codec"": ""gf2_best"", ""prefix"": 262144, ""prefix_reason"": ""dev_machine_feasibility_slice"", ""widths"": [8, 16, 32, 64, 128, 256]}",GF2,1,7,262144,229413,1835008,15,216,1,32,32,296,1835304,True,53158,78146,-24988,-0.47007035629632415,-24988,True,"brotli11,bz2_9,gzip9,xz9,zlib9,zstd19","brotli11,bz2_9,gzip9,xz9,zlib9,zstd19",-176255,True,full,True,6,raw_gap-176255 comp_gap-24988,"{""brotli"": ""1.2.0"", ""bz2"": ""stdlib"", ""gzip"": ""stdlib"", ""lzma"": ""stdlib"", ""numpy"": ""2.2.6"", ""python"": ""3.13.6"", ""zlib"": ""stdlib"", ""zstandard"": ""0.25.0""}",Windows-11-10.0.22631-SP0,72353,72341,53158,62048,63402,62041,112606,112594,78146,93984,97283,95089
nat_silesia_samba_slice,natural_slice,results/natural_slice/nat_silesia_samba_slice.json,silesia_samba@slice262144,21c5e99f13f8cac5e099fa4c8898831d3929b068e35cae2f1a4fa424f9804d7b,262144,,e7af4dfbb9549afb64aac80c10821e8143067d6f-dirty,2026-08-29T15:24:47.471978+00:00,"{""acquisition"": ""dev_machine_feasibility_slice"", ""category"": ""silesia"", ""codec"": ""gf2_best"", ""prefix"": 262144, ""prefix_reason"": ""dev_machine_feasibility_slice"", ""widths"": [8, 16, 32, 64, 128, 256]}",PASSTHROUGH,0,2097152,0,262162,2097152,0,112,0,32,0,144,2097296,True,153153,153198,-45,-0.00029382382323558796,-45,True,"brotli11,bz2_9,gzip9,xz9,zlib9,zstd19","brotli11,bz2_9,gzip9,xz9,zlib9,zstd19",-109009,True,full,True,6,raw_gap-109009 no_deduction header_perturbation-45,"{""brotli"": ""1.2.0"", ""bz2"": ""stdlib"", ""gzip"": ""stdlib"", ""lzma"": ""stdlib"", ""numpy"": ""2.2.6"", ""python"": ""3.13.6"", ""zlib"": ""stdlib"", ""zstandard"": ""0.25.0""}",Windows-11-10.0.22631-SP0,163070,163058,161546,156704,157923,153153,163093,163081,161687,156704,157992,153198
nat_silesia_sao_slice,natural_slice,results/natural_slice/nat_silesia_sao_slice.json,silesia_sao@slice262144,2e897282e031856af823048d977bddaf54869d43dea72ba544bec003d353db3a,262144,,e7af4dfbb9549afb64aac80c10821e8143067d6f-dirty,2026-08-29T15:24:53.752650+00:00,"{""acquisition"": ""dev_machine_feasibility_slice"", ""category"": ""silesia"", ""codec"": ""gf2_best"", ""prefix"": 262144, ""prefix_reason"": ""dev_machine_feasibility_slice"", ""widths"": [8, 16, 32, 64, 128, 256]}",PASSTHROUGH,0,2097152,0,262162,2097152,0,112,0,32,0,144,2097296,True,167536,167388,148,0.0008833922261484099,148,True,"brotli11,bz2_9,gzip9,xz9,zlib9,zstd19","brotli11,bz2_9,gzip9,xz9,zlib9,zstd19",-94626,True,full,True,6,raw_gap-94626 no_deduction header_perturbation+148,"{""brotli"": ""1.2.0"", ""bz2"": ""stdlib"", ""gzip"": ""stdlib"", ""lzma"": ""stdlib"", ""numpy"": ""2.2.6"", ""python"": ""3.13.6"", ""zlib"": ""stdlib"", ""zstandard"": ""0.25.0""}",Windows-11-10.0.22631-SP0,195943,195931,182638,167536,187928,173425,195958,195946,182571,167388,187957,173465
nat_silesia_webster_slice,natural_slice,results/natural_slice/nat_silesia_webster_slice.json,silesia_webster@slice262144,357ddb5945737ae814b8e6f5eb83fb1abe2d1a4cb9d76f4104a3e258f19f2208,262144,,e7af4dfbb9549afb64aac80c10821e8143067d6f-dirty,2026-08-29T15:24:58.797890+00:00,"{""acquisition"": ""dev_machine_feasibility_slice"", ""category"": ""silesia"", ""codec"": ""gf2_best"", ""prefix"": 262144, ""prefix_reason"": ""dev_machine_feasibility_slice"", ""widths"": [8, 16, 32, 64, 128, 256]}",GF2,1,7,262144,229413,1835008,15,216,1,32,32,296,1835304,True,62139,99296,-37157,-0.5979658507539548,-37157,True,"brotli11,bz2_9,gzip9,xz9,zlib9,zstd19","brotli11,bz2_9,gzip9,xz9,zlib9,zstd19",-167274,True,full,True,6,raw_gap-167274 comp_gap-37157,"{""brotli"": ""1.2.0"", ""bz2"": ""stdlib"", ""gzip"": ""stdlib"", ""lzma"": ""stdlib"", ""numpy"": ""2.2.6"", ""python"": ""3.13.6"", ""zlib"": ""stdlib"", ""zstandard"": ""0.25.0""}",Windows-11-10.0.22631-SP0,79166,79154,62139,69508,70631,65448,129721,129709,99296,111336,113682,111855
nat_silesia_x-ray_slice,natural_slice,results/natural_slice/nat_silesia_x-ray_slice.json,silesia_x-ray@slice262144,51c0a846c6cbe121f3f734d32100d60fd8bdd5b79ea9506d72608665e5fef7b1,262144,,e7af4dfbb9549afb64aac80c10821e8143067d6f-dirty,2026-08-29T15:25:05.475116+00:00,"{""acquisition"": ""dev_machine_feasibility_slice"", ""category"": ""silesia"", ""codec"": ""gf2_best"", ""prefix"": 262144, ""prefix_reason"": ""dev_machine_feasibility_slice"", ""widths"": [8, 16, 32, 64, 128, 256]}",GF2,58,198,475136,204255,1622016,11740,216,4,32,32,12024,1634040,True,129632,187361,-57729,-0.4453298568254752,-57729,True,"brotli11,bz2_9,gzip9,xz9,zlib9,zstd19","brotli11,bz2_9,gzip9,xz9,zlib9,zstd19",-74623,True,full,True,6,raw_gap-74623 comp_gap-57729,"{""brotli"": ""1.2.0"", ""bz2"": ""stdlib"", ""gzip"": ""stdlib"", ""lzma"": ""stdlib"", ""numpy"": ""2.2.6"", ""python"": ""3.13.6"", ""zlib"": ""stdlib"", ""zstandard"": ""0.25.0""}",Windows-11-10.0.22631-SP0,182634,182622,129632,137292,165393,141029,200852,200840,195367,197184,199308,187361
nat_silesia_xml_slice,natural_slice,results/natural_slice/nat_silesia_xml_slice.json,silesia_xml@slice262144,f2bbde07c2061c09fa41e4d4998c07847fbcc23d4ab166ca105a7f66ac8cd37b,262144,,e7af4dfbb9549afb64aac80c10821e8143067d6f-dirty,2026-08-29T15:25:09.911594+00:00,"{""acquisition"": ""dev_machine_feasibility_slice"", ""category"": ""silesia"", ""codec"": ""gf2_best"", ""prefix"": 262144, ""prefix_reason"": ""dev_machine_feasibility_slice"", ""widths"": [8, 16, 32, 64, 128, 256]}",GF2,1,7,262144,229413,1835008,15,216,1,32,32,296,1835304,True,11559,28924,-17365,-1.502292585863829,-17365,True,"brotli11,bz2_9,gzip9,xz9,zlib9,zstd19","brotli11,bz2_9,gzip9,xz9,zlib9,zstd19",-217854,True,full,True,6,raw_gap-217854 comp_gap-17365,"{""brotli"": ""1.2.0"", ""bz2"": ""stdlib"", ""gzip"": ""stdlib"", ""lzma"": ""stdlib"", ""numpy"": ""2.2.6"", ""python"": ""3.13.6"", ""zlib"": ""stdlib"", ""zstandard"": ""0.25.0""}",Windows-11-10.0.22631-SP0,16115,16103,11559,13060,12994,11799,35710,35698,29853,28924,29993,29240
nat_uci_household_power_text_slice,natural_slice,results/natural_slice/nat_uci_household_power_text_slice.json,uci_household_power_text@slice262144,9f1454454bcc7ef097b21c8a931794c89eda2df9b66a8424b176466e11535fc4,262144,,258db917ae1991b7954b1ed0cceed98666a09f5d-dirty,2026-08-29T15:25:53.827635+00:00,"{""acquisition"": ""dev_machine_feasibility_slice"", ""category"": ""telemetry_text"", ""codec"": ""gf2_best"", ""prefix"": 262144, ""prefix_reason"": ""dev_machine_feasibility_slice"", ""widths"": [8, 16, 32, 64, 128, 256]}",GF2,60,196,491520,202241,1605632,12016,216,0,32,32,12296,1617928,True,28160,57988,-29828,-1.0592329545454546,-29828,True,"brotli11,bz2_9,gzip9,xz9,zlib9,zstd19","brotli11,bz2_9,gzip9,xz9,zlib9,zstd19",-174081,True,full,True,6,raw_gap-174081 comp_gap-29828,"{""brotli"": ""1.2.0"", ""bz2"": ""stdlib"", ""gzip"": ""stdlib"", ""lzma"": ""stdlib"", ""numpy"": ""2.2.6"", ""python"": ""3.13.6"", ""zlib"": ""stdlib"", ""zstandard"": ""0.25.0""}",Windows-11-10.0.22631-SP0,42249,42237,28521,28160,32706,29390,83220,83208,57988,58208,68053,60019
off_enwik8,offset,results/offset/off_enwik8.json,enwik8@slice262144,0cdfd008d5327addbf5b118b4a8d616a8cc2971627727b10bfb20e97920881e7,262144,,be911f511649eec57995c12094abdf2d0452a575-dirty,2026-08-29T16:35:40.877145+00:00,"{""acquisition"": ""slice"", ""detector"": ""bit_offset_search"", ""prereg_threshold"": {""G_abs"": 1024, ""G_pct"": 0.05}, ""width_offsets"": [[8, null], [16, null], [32, null], [64, null], [128, 8], [256, 8]]}",PASSTHROUGH,0,2097152,0,262162,2097152,0,112,0,32,0,144,2097296,True,73306,73345,-39,-0.0005320164788693968,-39,True,"brotli11,bz2_9,gzip9,xz9,zlib9,zstd19","brotli11,bz2_9,gzip9,xz9,zlib9,zstd19",-188856,True,full,True,6,raw_gap-188856 no_deduction header_perturbation-39,"{""brotli"": ""1.2.0"", ""bz2"": ""stdlib"", ""gzip"": ""stdlib"", ""lzma"": ""stdlib"", ""numpy"": ""2.2.6"", ""python"": ""3.13.6"", ""zlib"": ""stdlib"", ""zstandard"": ""0.25.0""}",Windows-11-10.0.22631-SP0,90519,90507,75951,79120,81801,73306,90548,90536,75918,79164,81821,73345
off_sdrbench_exaalt_vx,offset,results/offset/off_sdrbench_exaalt_vx.json,sdrbench_exaalt2869440_vx.f32@slice262144,4a7274ecf55ef46c2c9315898e87ecaa1604ba2478338046366856ad6cd872a2,262144,,616cd307ad5358f2a532693ec3f4661ac4eabe1d-dirty,2026-08-29T16:37:11.763109+00:00,"{""acquisition"": ""slice"", ""detector"": ""bit_offset_search"", ""prereg_threshold"": {""G_abs"": 1024, ""G_pct"": 0.05}, ""width_offsets"": [[8, null], [16, null], [32, null], [64, null], [128, 8], [256, 8]]}",GF2,3,29,196608,237619,1900544,122,216,6,32,32,408,1900952,True,226805,237624,-10819,-0.04770177024316043,-10819,True,"brotli11,bz2_9,gzip9,xz9,zlib9,zstd19","brotli11,bz2_9,gzip9,xz9,zlib9,zstd19",-10814,True,full,True,6,raw_gap-10814 comp_gap-10819,"{""brotli"": ""1.2.0"", ""bz2"": ""stdlib"", ""gzip"": ""stdlib"", ""lzma"": ""stdlib"", ""numpy"": ""2.2.6"", ""python"": ""3.13.6"", ""zlib"": ""stdlib"", ""zstandard"": ""0.25.0""}",Windows-11-10.0.22631-SP0,241886,241874,226805,231732,237689,238394,237712,237700,237922,237688,237634,237624
off_sdrbench_exaalt_vy,offset,results/offset/off_sdrbench_exaalt_vy.json,sdrbench_exaalt2869440_vy.f32@slice262144,048529c77afa1110a4c2171c4fbc89a45ea4547547d1468597081a75d08e73e7,262144,,616cd307ad5358f2a532693ec3f4661ac4eabe1d-dirty,2026-08-29T16:38:35.257018+00:00,"{""acquisition"": ""slice"", ""detector"": ""bit_offset_search"", ""prereg_threshold"": {""G_abs"": 1024, ""G_pct"": 0.05}, ""width_offsets"": [[8, null], [16, null], [32, null], [64, null], [128, 8], [256, 8]]}",GF2,3,29,196608,237619,1900544,122,216,6,32,32,408,1900952,True,226808,237624,-10816,-0.04768791224295439,-10816,True,"brotli11,bz2_9,gzip9,xz9,zlib9,zstd19","brotli11,bz2_9,gzip9,xz9,zlib9,zstd19",-10811,True,full,True,6,raw_gap-10811 comp_gap-10816,"{""brotli"": ""1.2.0"", ""bz2"": ""stdlib"", ""gzip"": ""stdlib"", ""lzma"": ""stdlib"", ""numpy"": ""2.2.6"", ""python"": ""3.13.6"", ""zlib"": ""stdlib"", ""zstandard"": ""0.25.0""}",Windows-11-10.0.22631-SP0,241902,241890,226808,232408,237721,238467,237712,237700,237880,237688,237634,237624
off_sdrbench_exaalt_vz,offset,results/offset/off_sdrbench_exaalt_vz.json,sdrbench_exaalt2869440_vz.f32@slice262144,97aa02f7015b4d0f17a376152e51208e1d45021d67341c1bc33e016a0f93d472,262144,,616cd307ad5358f2a532693ec3f4661ac4eabe1d-dirty,2026-08-29T16:39:58.890900+00:00,"{""acquisition"": ""slice"", ""detector"": ""bit_offset_search"", ""prereg_threshold"": {""G_abs"": 1024, ""G_pct"": 0.05}, ""width_offsets"": [[8, null], [16, null], [32, null], [64, null], [128, 8], [256, 8]]}",GF2,3,29,196608,237619,1900544,122,216,6,32,32,408,1900952,True,226655,237624,-10969,-0.04839513798504335,-10969,True,"brotli11,bz2_9,gzip9,xz9,zlib9,zstd19","brotli11,bz2_9,gzip9,xz9,zlib9,zstd19",-10964,True,full,True,6,raw_gap-10964 comp_gap-10969,"{""brotli"": ""1.2.0"", ""bz2"": ""stdlib"", ""gzip"": ""stdlib"", ""lzma"": ""stdlib"", ""numpy"": ""2.2.6"", ""python"": ""3.13.6"", ""zlib"": ""stdlib"", ""zstandard"": ""0.25.0""}",Windows-11-10.0.22631-SP0,242037,242025,226655,232256,237691,238531,237712,237700,237903,237688,237634,237624
off_sdrbench_exaalt_xx,offset,results/offset/off_sdrbench_exaalt_xx.json,sdrbench_exaalt2869440_xx.f32@slice262144,e606d0bd9463c442aebf3d6ba72ef2290e92d564c0b7cedc0512135244dabd83,262144,,616cd307ad5358f2a532693ec3f4661ac4eabe1d-dirty,2026-08-29T16:41:20.461153+00:00,"{""acquisition"": ""slice"", ""detector"": ""bit_offset_search"", ""prereg_threshold"": {""G_abs"": 1024, ""G_pct"": 0.05}, ""width_offsets"": [[8, null], [16, null], [32, null], [64, null], [128, 8], [256, 8]]}",GF2,3,29,196608,237619,1900544,122,216,6,32,32,408,1900952,True,224585,236161,-11576,-0.05154395885744818,-11576,True,"brotli11,bz2_9,gzip9,xz9,zlib9,zstd19","brotli11,bz2_9,gzip9,xz9,zlib9,zstd19",-13034,True,full,True,6,raw_gap-13034 comp_gap-11576,"{""brotli"": ""1.2.0"", ""bz2"": ""stdlib"", ""gzip"": ""stdlib"", ""lzma"": ""stdlib"", ""numpy"": ""2.2.6"", ""python"": ""3.13.6"", ""zlib"": ""stdlib"", ""zstandard"": ""0.25.0""}",Windows-11-10.0.22631-SP0,242461,242449,224585,227868,237132,234663,236937,236925,238125,237688,236488,236161
off_sdrbench_exaalt_yy,offset,results/offset/off_sdrbench_exaalt_yy.json,sdrbench_exaalt2869440_yy.f32@slice262144,faa41a228bd98532d74417ab24464a9dd7009ecdbc2d7c6c35e22d75f22b77b6,262144,,616cd307ad5358f2a532693ec3f4661ac4eabe1d-dirty,2026-08-29T16:42:42.316093+00:00,"{""acquisition"": ""slice"", ""detector"": ""bit_offset_search"", ""prereg_threshold"": {""G_abs"": 1024, ""G_pct"": 0.05}, ""width_offsets"": [[8, null], [16, null], [32, null], [64, null], [128, 8], [256, 8]]}",GF2,29,227,237568,233342,1859584,6868,216,4,32,32,7152,1866736,True,187128,231418,-44290,-0.23668291223120003,-44290,True,"brotli11,bz2_9,gzip9,xz9,zlib9,zstd19","brotli11,bz2_9,gzip9,xz9,zlib9,zstd19",-46214,True,full,True,6,raw_gap-46214 comp_gap-44290,"{""brotli"": ""1.2.0"", ""bz2"": ""stdlib"", ""gzip"": ""stdlib"", ""lzma"": ""stdlib"", ""numpy"": ""2.2.6"", ""python"": ""3.13.6"", ""zlib"": ""stdlib"", ""zstandard"": ""0.25.0""}",Windows-11-10.0.22631-SP0,220881,220869,187128,187944,205318,217730,232700,232688,231418,232900,232539,233347
off_sdrbench_exaalt_zz,offset,results/offset/off_sdrbench_exaalt_zz.json,sdrbench_exaalt2869440_zz.f32@slice262144,145a27d495fb529df112cd9422333cb07aec58147a4a7752251e439d269b1a1c,262144,,616cd307ad5358f2a532693ec3f4661ac4eabe1d-dirty,2026-08-29T16:44:03.216389+00:00,"{""acquisition"": ""slice"", ""detector"": ""bit_offset_search"", ""prereg_threshold"": {""G_abs"": 1024, ""G_pct"": 0.05}, ""width_offsets"": [[8, null], [16, null], [32, null], [64, null], [128, 8], [256, 8]]}",GF2,3,29,196608,237619,1900544,122,216,6,32,32,408,1900952,True,215238,237574,-22336,-0.10377349724491028,-22336,True,"brotli11,bz2_9,gzip9,xz9,zlib9,zstd19","brotli11,bz2_9,gzip9,xz9,zlib9,zstd19",-22381,True,full,True,6,raw_gap-22381 comp_gap-22336,"{""brotli"": ""1.2.0"", ""bz2"": ""stdlib"", ""gzip"": ""stdlib"", ""lzma"": ""stdlib"", ""numpy"": ""2.2.6"", ""python"": ""3.13.6"", ""zlib"": ""stdlib"", ""zstandard"": ""0.25.0""}",Windows-11-10.0.22631-SP0,236531,236519,215238,216120,227716,229816,237586,237574,237885,237688,237634,237624
off_silesia_dickens,offset,results/offset/off_silesia_dickens.json,silesia_dickens@slice262144,becc366f2948cfbaefb219df19f54b101a842737428b01c7538b871a35c3edf4,262144,,0bf6678686f8327131929335f26503b353ba952f-dirty,2026-08-29T16:26:01.620936+00:00,"{""acquisition"": ""slice"", ""detector"": ""bit_offset_search"", ""prereg_threshold"": {""G_abs"": 1024, ""G_pct"": 0.05}, ""width_offsets"": [[8, null], [16, null], [32, null], [64, null], [128, 8], [256, 8]]}",GF2,31,225,253952,231339,1843200,7231,216,1,32,32,7512,1850712,True,77252,125079,-47827,-0.6191037125252421,-47827,True,"brotli11,bz2_9,gzip9,xz9,zlib9,zstd19","brotli11,bz2_9,gzip9,xz9,zlib9,zstd19",-154087,True,full,True,6,raw_gap-154087 comp_gap-47827,"{""brotli"": ""1.2.0"", ""bz2"": ""stdlib"", ""gzip"": ""stdlib"", ""lzma"": ""stdlib"", ""numpy"": ""2.2.6"", ""python"": ""3.13.6"", ""zlib"": ""stdlib"", ""zstandard"": ""0.25.0""}",Windows-11-10.0.22631-SP0,98593,98581,77252,85788,86981,82527,161864,161852,125079,140600,143068,141049
off_silesia_mozilla,offset,results/offset/off_silesia_mozilla.json,silesia_mozilla@slice262144,1baf584ca87856e51fada5fa257864019123d57aa8b9793c097eea145ee165a6,262144,,0bf6678686f8327131929335f26503b353ba952f-dirty,2026-08-29T16:26:42.785527+00:00,"{""acquisition"": ""slice"", ""detector"": ""bit_offset_search"", ""prereg_threshold"": {""G_abs"": 1024, ""G_pct"": 0.05}, ""width_offsets"": [[8, null], [16, null], [32, null], [64, null], [128, 8], [256, 8]]}",PASSTHROUGH,0,2097152,0,262162,2097152,0,112,0,32,0,144,2097296,True,111811,111865,-54,-0.00048295784851222154,-54,True,"brotli11,bz2_9,gzip9,xz9,zlib9,zstd19","brotli11,bz2_9,gzip9,xz9,zlib9,zstd19",-150351,True,full,True,6,raw_gap-150351 no_deduction header_perturbation-54,"{""brotli"": ""1.2.0"", ""bz2"": ""stdlib"", ""gzip"": ""stdlib"", ""lzma"": ""stdlib"", ""numpy"": ""2.2.6"", ""python"": ""3.13.6"", ""zlib"": ""stdlib"", ""zstandard"": ""0.25.0""}",Windows-11-10.0.22631-SP0,120596,120584,122711,113000,113857,111811,120607,120595,122731,113004,113876,111865
off_silesia_mr,offset,results/offset/off_silesia_mr.json,silesia_mr@slice262144,288236c90013320462fbe5864774054b26334be4ee59a8bde8a9797fbc9148f7,262144,,9e9c5854e0031f98d601d26f5215fb29c139209b-dirty,2026-08-29T16:27:24.515735+00:00,"{""acquisition"": ""slice"", ""detector"": ""bit_offset_search"", ""prereg_threshold"": {""G_abs"": 1024, ""G_pct"": 0.05}, ""width_offsets"": [[8, null], [16, null], [32, null], [64, null], [128, 8], [256, 8]]}",PASSTHROUGH,0,2097152,0,262162,2097152,0,112,0,32,0,144,2097296,True,55898,56017,-119,-0.002128877598482951,-119,True,"brotli11,bz2_9,gzip9,xz9,zlib9,zstd19","brotli11,bz2_9,gzip9,xz9,zlib9,zstd19",-206264,True,full,True,6,raw_gap-206264 no_deduction header_perturbation-119,"{""brotli"": ""1.2.0"", ""bz2"": ""stdlib"", ""gzip"": ""stdlib"", ""lzma"": ""stdlib"", ""numpy"": ""2.2.6"", ""python"": ""3.13.6"", ""zlib"": ""stdlib"", ""zstandard"": ""0.25.0""}",Windows-11-10.0.22631-SP0,79021,79009,55898,61252,70559,62355,79037,79025,56017,61568,70601,63022
off_silesia_nci,offset,results/offset/off_silesia_nci.json,silesia_nci@slice262144,6f129b33bdf149bcdab85d1402a4f6aa4e81c0733f5fe76bb6f82bead260759e,262144,,9e9c5854e0031f98d601d26f5215fb29c139209b-dirty,2026-08-29T16:28:21.778088+00:00,"{""acquisition"": ""slice"", ""detector"": ""bit_offset_search"", ""prereg_threshold"": {""G_abs"": 1024, ""G_pct"": 0.05}, ""width_offsets"": [[8, null], [16, null], [32, null], [64, null], [128, 8], [256, 8]]}",GF2,1,7,262144,229413,1835008,15,216,1,32,32,296,1835304,True,14563,25628,-11065,-0.7598022385497494,-11065,True,"brotli11,bz2_9,gzip9,xz9,zlib9,zstd19","brotli11,bz2_9,gzip9,xz9,zlib9,zstd19",-214850,True,full,True,6,raw_gap-214850 comp_gap-11065,"{""brotli"": ""1.2.0"", ""bz2"": ""stdlib"", ""gzip"": ""stdlib"", ""lzma"": ""stdlib"", ""numpy"": ""2.2.6"", ""python"": ""3.13.6"", ""zlib"": ""stdlib"", ""zstandard"": ""0.25.0""}",Windows-11-10.0.22631-SP0,22000,21988,14563,15944,15907,14884,40579,40567,25628,26752,28846,26987
off_silesia_ooffice,offset,results/offset/off_silesia_ooffice.json,silesia_ooffice@slice262144,41a8f0abe06c5c9e88665870be089e57c9b065bb3c27ac838cca48bcb793cb19,262144,,5707d2e4b321fc69114fa0665f40bc42d0649474-dirty,2026-08-29T16:29:07.718394+00:00,"{""acquisition"": ""slice"", ""detector"": ""bit_offset_search"", ""prereg_threshold"": {""G_abs"": 1024, ""G_pct"": 0.05}, ""width_offsets"": [[8, null], [16, null], [32, null], [64, null], [128, 8], [256, 8]]}",PASSTHROUGH,0,2097152,0,262162,2097152,0,112,0,32,0,144,2097296,True,123528,123544,-16,-0.00012952528981283597,-16,True,"brotli11,bz2_9,gzip9,xz9,zlib9,zstd19","brotli11,bz2_9,gzip9,xz9,zlib9,zstd19",-138634,True,full,True,6,raw_gap-138634 no_deduction header_perturbation-16,"{""brotli"": ""1.2.0"", ""bz2"": ""stdlib"", ""gzip"": ""stdlib"", ""lzma"": ""stdlib"", ""numpy"": ""2.2.6"", ""python"": ""3.13.6"", ""zlib"": ""stdlib"", ""zstandard"": ""0.25.0""}",Windows-11-10.0.22631-SP0,142495,142483,132783,123528,130469,125697,142502,142490,132775,123544,130499,125707
off_silesia_osdb,offset,results/offset/off_silesia_osdb.json,silesia_osdb@slice262144,dfafdca22a0cc7b551554126b88105a632275c0251164b07ca47633e97d91a11,262144,,5707d2e4b321fc69114fa0665f40bc42d0649474-dirty,2026-08-29T16:29:51.004902+00:00,"{""acquisition"": ""slice"", ""detector"": ""bit_offset_search"", ""prereg_threshold"": {""G_abs"": 1024, ""G_pct"": 0.05}, ""width_offsets"": [[8, null], [16, null], [32, null], [64, null], [128, 8], [256, 8]]}",PASSTHROUGH,0,2097152,0,262162,2097152,0,112,0,32,0,144,2097296,True,82475,82494,-19,-0.00023037284025462262,-19,True,"brotli11,bz2_9,gzip9,xz9,zlib9,zstd19","brotli11,bz2_9,gzip9,xz9,zlib9,zstd19",-179687,True,full,True,6,raw_gap-179687 no_deduction header_perturbation-19,"{""brotli"": ""1.2.0"", ""bz2"": ""stdlib"", ""gzip"": ""stdlib"", ""lzma"": ""stdlib"", ""numpy"": ""2.2.6"", ""python"": ""3.13.6"", ""zlib"": ""stdlib"", ""zstandard"": ""0.25.0""}",Windows-11-10.0.22631-SP0,98799,98787,82475,84560,91627,83930,98814,98802,82494,84576,91649,83931
off_silesia_reymont,offset,results/offset/off_silesia_reymont.json,silesia_reymont@slice262144,63949f06bead1d6e40964427389b88df91aaf71e8f908e2e40fb968db3d8f682,262144,,a9d7d820f6817f2d4bb3a814007328e87f3d6927-dirty,2026-08-29T16:30:39.465468+00:00,"{""acquisition"": ""slice"", ""detector"": ""bit_offset_search"", ""prereg_threshold"": {""G_abs"": 1024, ""G_pct"": 0.05}, ""width_offsets"": [[8, null], [16, null], [32, null], [64, null], [128, 8], [256, 8]]}",GF2,1,7,262144,229413,1835008,15,216,1,32,32,296,1835304,True,53158,78146,-24988,-0.47007035629632415,-24988,True,"brotli11,bz2_9,gzip9,xz9,zlib9,zstd19","brotli11,bz2_9,gzip9,xz9,zlib9,zstd19",-176255,True,full,True,6,raw_gap-176255 comp_gap-24988,"{""brotli"": ""1.2.0"", ""bz2"": ""stdlib"", ""gzip"": ""stdlib"", ""lzma"": ""stdlib"", ""numpy"": ""2.2.6"", ""python"": ""3.13.6"", ""zlib"": ""stdlib"", ""zstandard"": ""0.25.0""}",Windows-11-10.0.22631-SP0,72353,72341,53158,62048,63402,62041,112606,112594,78146,93984,97283,95089
off_silesia_samba,offset,results/offset/off_silesia_samba.json,silesia_samba@slice262144,21c5e99f13f8cac5e099fa4c8898831d3929b068e35cae2f1a4fa424f9804d7b,262144,,7061d2778864b490c1d56dbb90dc5b2f3987effe-dirty,2026-08-29T16:31:21.622412+00:00,"{""acquisition"": ""slice"", ""detector"": ""bit_offset_search"", ""prereg_threshold"": {""G_abs"": 1024, ""G_pct"": 0.05}, ""width_offsets"": [[8, null], [16, null], [32, null], [64, null], [128, 8], [256, 8]]}",PASSTHROUGH,0,2097152,0,262162,2097152,0,112,0,32,0,144,2097296,True,153153,153198,-45,-0.00029382382323558796,-45,True,"brotli11,bz2_9,gzip9,xz9,zlib9,zstd19","brotli11,bz2_9,gzip9,xz9,zlib9,zstd19",-109009,True,full,True,6,raw_gap-109009 no_deduction header_perturbation-45,"{""brotli"": ""1.2.0"", ""bz2"": ""stdlib"", ""gzip"": ""stdlib"", ""lzma"": ""stdlib"", ""numpy"": ""2.2.6"", ""python"": ""3.13.6"", ""zlib"": ""stdlib"", ""zstandard"": ""0.25.0""}",Windows-11-10.0.22631-SP0,163070,163058,161546,156704,157923,153153,163093,163081,161687,156704,157992,153198
off_silesia_sao,offset,results/offset/off_silesia_sao.json,silesia_sao@slice262144,2e897282e031856af823048d977bddaf54869d43dea72ba544bec003d353db3a,262144,,cfabd31d4a37770e297caac29b3c76d73508c72d-dirty,2026-08-29T16:32:05.321231+00:00,"{""acquisition"": ""slice"", ""detector"": ""bit_offset_search"", ""prereg_threshold"": {""G_abs"": 1024, ""G_pct"": 0.05}, ""width_offsets"": [[8, null], [16, null], [32, null], [64, null], [128, 8], [256, 8]]}",PASSTHROUGH,0,2097152,0,262162,2097152,0,112,0,32,0,144,2097296,True,167536,167388,148,0.0008833922261484099,148,True,"brotli11,bz2_9,gzip9,xz9,zlib9,zstd19","brotli11,bz2_9,gzip9,xz9,zlib9,zstd19",-94626,True,full,True,6,raw_gap-94626 no_deduction header_perturbation+148,"{""brotli"": ""1.2.0"", ""bz2"": ""stdlib"", ""gzip"": ""stdlib"", ""lzma"": ""stdlib"", ""numpy"": ""2.2.6"", ""python"": ""3.13.6"", ""zlib"": ""stdlib"", ""zstandard"": ""0.25.0""}",Windows-11-10.0.22631-SP0,195943,195931,182638,167536,187928,173425,195958,195946,182571,167388,187957,173465
off_silesia_webster,offset,results/offset/off_silesia_webster.json,silesia_webster@slice262144,357ddb5945737ae814b8e6f5eb83fb1abe2d1a4cb9d76f4104a3e258f19f2208,262144,,3b36a3451bb38c0944d7e5f9ad8b409452873eeb-dirty,2026-08-29T16:32:55.665863+00:00,"{""acquisition"": ""slice"", ""detector"": ""bit_offset_search"", ""prereg_threshold"": {""G_abs"": 1024, ""G_pct"": 0.05}, ""width_offsets"": [[8, null], [16, null], [32, null], [64, null], [128, 8], [256, 8]]}",GF2,1,7,262144,229413,1835008,15,216,1,32,32,296,1835304,True,62139,99296,-37157,-0.5979658507539548,-37157,True,"brotli11,bz2_9,gzip9,xz9,zlib9,zstd19","brotli11,bz2_9,gzip9,xz9,zlib9,zstd19",-167274,True,full,True,6,raw_gap-167274 comp_gap-37157,"{""brotli"": ""1.2.0"", ""bz2"": ""stdlib"", ""gzip"": ""stdlib"", ""lzma"": ""stdlib"", ""numpy"": ""2.2.6"", ""python"": ""3.13.6"", ""zlib"": ""stdlib"", ""zstandard"": ""0.25.0""}",Windows-11-10.0.22631-SP0,79166,79154,62139,69508,70631,65448,129721,129709,99296,111336,113682,111855
off_silesia_x-ray,offset,results/offset/off_silesia_x-ray.json,silesia_x-ray@slice262144,51c0a846c6cbe121f3f734d32100d60fd8bdd5b79ea9506d72608665e5fef7b1,262144,,be911f511649eec57995c12094abdf2d0452a575-dirty,2026-08-29T16:33:46.212044+00:00,"{""acquisition"": ""slice"", ""detector"": ""bit_offset_search"", ""prereg_threshold"": {""G_abs"": 1024, ""G_pct"": 0.05}, ""width_offsets"": [[8, null], [16, null], [32, null], [64, null], [128, 8], [256, 8]]}",GF2,58,198,475136,204255,1622016,11740,216,4,32,32,12024,1634040,True,129632,187361,-57729,-0.4453298568254752,-57729,True,"brotli11,bz2_9,gzip9,xz9,zlib9,zstd19","brotli11,bz2_9,gzip9,xz9,zlib9,zstd19",-74623,True,full,True,6,raw_gap-74623 comp_gap-57729,"{""brotli"": ""1.2.0"", ""bz2"": ""stdlib"", ""gzip"": ""stdlib"", ""lzma"": ""stdlib"", ""numpy"": ""2.2.6"", ""python"": ""3.13.6"", ""zlib"": ""stdlib"", ""zstandard"": ""0.25.0""}",Windows-11-10.0.22631-SP0,182634,182622,129632,137292,165393,141029,200852,200840,195367,197184,199308,187361
off_silesia_xml,offset,results/offset/off_silesia_xml.json,silesia_xml@slice262144,f2bbde07c2061c09fa41e4d4998c07847fbcc23d4ab166ca105a7f66ac8cd37b,262144,,be911f511649eec57995c12094abdf2d0452a575-dirty,2026-08-29T16:34:28.132079+00:00,"{""acquisition"": ""slice"", ""detector"": ""bit_offset_search"", ""prereg_threshold"": {""G_abs"": 1024, ""G_pct"": 0.05}, ""width_offsets"": [[8, null], [16, null], [32, null], [64, null], [128, 8], [256, 8]]}",GF2,1,7,262144,229413,1835008,15,216,1,32,32,296,1835304,True,11559,28924,-17365,-1.502292585863829,-17365,True,"brotli11,bz2_9,gzip9,xz9,zlib9,zstd19","brotli11,bz2_9,gzip9,xz9,zlib9,zstd19",-217854,True,full,True,6,raw_gap-217854 comp_gap-17365,"{""brotli"": ""1.2.0"", ""bz2"": ""stdlib"", ""gzip"": ""stdlib"", ""lzma"": ""stdlib"", ""numpy"": ""2.2.6"", ""python"": ""3.13.6"", ""zlib"": ""stdlib"", ""zstandard"": ""0.25.0""}",Windows-11-10.0.22631-SP0,16115,16103,11559,13060,12994,11799,35710,35698,29853,28924,29993,29240
off_uci_household_power_text,offset,results/offset/off_uci_household_power_text.json,uci_household_power_text@slice262144,9f1454454bcc7ef097b21c8a931794c89eda2df9b66a8424b176466e11535fc4,262144,,616cd307ad5358f2a532693ec3f4661ac4eabe1d-dirty,2026-08-29T16:45:30.703957+00:00,"{""acquisition"": ""slice"", ""detector"": ""bit_offset_search"", ""prereg_threshold"": {""G_abs"": 1024, ""G_pct"": 0.05}, ""width_offsets"": [[8, null], [16, null], [32, null], [64, null], [128, 8], [256, 8]]}",GF2,60,196,491520,202241,1605632,12016,216,0,32,32,12296,1617928,True,28160,57988,-29828,-1.0592329545454546,-29828,True,"brotli11,bz2_9,gzip9,xz9,zlib9,zstd19","brotli11,bz2_9,gzip9,xz9,zlib9,zstd19",-174081,True,full,True,6,raw_gap-174081 comp_gap-29828,"{""brotli"": ""1.2.0"", ""bz2"": ""stdlib"", ""gzip"": ""stdlib"", ""lzma"": ""stdlib"", ""numpy"": ""2.2.6"", ""python"": ""3.13.6"", ""zlib"": ""stdlib"", ""zstandard"": ""0.25.0""}",Windows-11-10.0.22631-SP0,42249,42237,28521,28160,32706,29390,83220,83208,57988,58208,68053,60019
phase0_gf2_tiny,phase0,results/phase0/phase0_gf2_tiny.json,gf2_n128_k8_p8_s1,60f2f2c650c65a59e3c2a0d364723a6842d010a1ec5aa028e561e3cd38becffd,256,1,UNCOMMITTED,2026-08-29T08:45:37.211617+00:00,"{""codec"": ""gf2"", ""n_cols"": 16}",GF2,8,8,1024,172,1024,80,208,0,32,32,352,1376,True,260,176,84,0.3230769230769231,84,True,"brotli11,bz2_9,gzip9,xz9,zlib9,zstd19","brotli11,bz2_9,gzip9,xz9,zlib9,zstd19",88,True,,,,raw_gap+88 comp_gap+84,"{""brotli"": ""1.2.0"", ""bz2"": ""stdlib"", ""gzip"": ""stdlib"", ""lzma"": ""stdlib"", ""numpy"": ""2.2.6"", ""python"": ""3.13.6"", ""zlib"": ""stdlib"", ""zstandard"": ""0.25.0""}",Windows-11-10.0.22631-SP0,279,267,400,316,266,260,189,177,239,232,178,176
phase0_passthrough_noise,phase0,results/phase0/phase0_passthrough_noise.json,noise_bits_n64_c32_s0,65959c2100301121b953c9200f4350c73d193f25554fa79e6cea24fad4a1ea39,256,0,UNCOMMITTED,2026-08-29T08:45:36.021147+00:00,"{""codec"": ""passthrough""}",PASSTHROUGH,0,2048,0,274,2048,0,112,0,32,0,144,2192,True,260,278,-18,-0.06923076923076923,-18,True,"brotli11,bz2_9,gzip9,xz9,zlib9,zstd19","brotli11,bz2_9,gzip9,xz9,zlib9,zstd19",-14,True,,,,raw_gap-14 comp_gap-18,"{""brotli"": ""1.2.0"", ""bz2"": ""stdlib"", ""gzip"": ""stdlib"", ""lzma"": ""stdlib"", ""numpy"": ""2.2.6"", ""python"": ""3.13.6"", ""zlib"": ""stdlib"", ""zstandard"": ""0.25.0""}",Windows-11-10.0.22631-SP0,279,267,413,316,266,260,297,285,430,336,284,278
phase1_fd_affine_n8192_s21,phase1,results/phase1/phase1_fd_affine_n8192_s21.json,fd_affine_n8192_s21,4f6c208becf02ec8d4ea5c77a4c922362a5ed886b84b550d547b400518e30ec7,196608,21,UNCOMMITTED,2026-08-29T08:47:38.435403+00:00,"{""codec"": ""tabular_affine"", ""fn"": ""affine"", ""n_rows"": 8192}",TABULAR_AFFINE,1,2,524288,131116,1048576,105,208,7,32,0,352,1048928,True,108208,70328,37880,0.35006653851840897,37880,True,"brotli11,bz2_9,gzip9,xz9,zlib9,zstd19","brotli11,bz2_9,gzip9,xz9,zlib9,zstd19",-22908,True,,,,raw_gap-22908 comp_gap+37880,"{""brotli"": ""1.2.0"", ""bz2"": ""stdlib"", ""gzip"": ""stdlib"", ""lzma"": ""stdlib"", ""numpy"": ""2.2.6"", ""python"": ""3.13.6"", ""zlib"": ""stdlib"", ""zstandard"": ""0.25.0""}",Windows-11-10.0.22631-SP0,125378,125366,119570,108208,110898,120659,81991,81979,76187,70328,71283,77849
phase1_fd_xor_plus_n4096_s22,phase1,results/phase1/phase1_fd_xor_plus_n4096_s22.json,fd_xor_plus_n4096_s22,87f46e95fa75542cbc2757965e9bfa54facc9300e79c11516d62389c35ca8982,98304,22,UNCOMMITTED,2026-08-29T08:47:46.029638+00:00,"{""codec"": ""tabular_affine"", ""fn"": ""xor_plus"", ""n_rows"": 4096}",PASSTHROUGH,0,786432,0,98322,786432,0,112,0,32,0,144,786576,True,52992,52996,-4,-7.548309178743961e-05,-4,True,"brotli11,bz2_9,gzip9,xz9,zlib9,zstd19","brotli11,bz2_9,gzip9,xz9,zlib9,zstd19",-45330,True,,,,raw_gap-45330 comp_gap-4,"{""brotli"": ""1.2.0"", ""bz2"": ""stdlib"", ""gzip"": ""stdlib"", ""lzma"": ""stdlib"", ""numpy"": ""2.2.6"", ""python"": ""3.13.6"", ""zlib"": ""stdlib"", ""zstandard"": ""0.25.0""}",Windows-11-10.0.22631-SP0,60374,60362,56654,52992,54955,58015,60393,60381,56672,52996,54995,57886
phase1_gf2_n1024_k16_p16_s11,phase1,results/phase1/phase1_gf2_n1024_k16_p16_s11.json,gf2_n1024_k16_p16_s11,c468bb9cfe40dcd25f219d99103b58d51401ea5f7e89b8b15adbab11f90568ef,4096,11,UNCOMMITTED,2026-08-29T08:46:14.045322+00:00,"{""codec"": ""gf2"", ""n_cols"": 32, ""n_info"": 16, ""n_parity"": 16, ""n_rows"": 1024, ""seed"": 11}",GF2,16,16,16384,2118,16384,288,208,0,32,32,560,16944,True,4100,2122,1978,0.4824390243902439,1978,True,"brotli11,bz2_9,gzip9,xz9,zlib9,zstd19","brotli11,bz2_9,gzip9,xz9,zlib9,zstd19",1982,True,,,,raw_gap+1982 comp_gap+1978,"{""brotli"": ""1.2.0"", ""bz2"": ""stdlib"", ""gzip"": ""stdlib"", ""lzma"": ""stdlib"", ""numpy"": ""2.2.6"", ""python"": ""3.13.6"", ""zlib"": ""stdlib"", ""zstandard"": ""0.25.0""}",Windows-11-10.0.22631-SP0,4119,4107,4609,4156,4106,4100,2141,2129,2517,2180,2128,2122
phase1_gf2_n16384_k32_p32_s13,phase1,results/phase1/phase1_gf2_n16384_k32_p32_s13.json,gf2_n16384_k32_p32_s13,d57a867e3b23c41acac142802c60eb6c8a20782182a94e4c8e0ed1f9d2b40415,131072,13,UNCOMMITTED,2026-08-29T08:46:25.646635+00:00,"{""codec"": ""gf2"", ""n_cols"": 64, ""n_info"": 32, ""n_parity"": 32, ""n_rows"": 16384, ""seed"": 13}",GF2,32,32,524288,65706,524288,1088,208,0,32,32,1360,525648,True,131077,65711,65366,0.49868397964555183,65366,True,"brotli11,bz2_9,gzip9,xz9,zlib9,zstd19","brotli11,bz2_9,gzip9,xz9,zlib9,zstd19",65371,True,,,,raw_gap+65371 comp_gap+65366,"{""brotli"": ""1.2.0"", ""bz2"": ""stdlib"", ""gzip"": ""stdlib"", ""lzma"": ""stdlib"", ""numpy"": ""2.2.6"", ""python"": ""3.13.6"", ""zlib"": ""stdlib"", ""zstandard"": ""0.25.0""}",Windows-11-10.0.22631-SP0,131130,131118,132046,131140,131084,131077,65749,65737,66350,65772,65716,65711
phase1_gf2_n4096_k32_p32_s12,phase1,results/phase1/phase1_gf2_n4096_k32_p32_s12.json,gf2_n4096_k32_p32_s12,ddf23fa518129c14d6cdb1fed067de7cbf5aec8e8d2e2d3d762d53dd271f1615,32768,12,UNCOMMITTED,2026-08-29T08:46:17.168369+00:00,"{""codec"": ""gf2"", ""n_cols"": 64, ""n_info"": 32, ""n_parity"": 32, ""n_rows"": 4096, ""seed"": 12}",GF2,32,32,131072,16554,131072,1088,208,0,32,32,1360,132432,True,32772,16558,16214,0.49475161723422434,16214,True,"brotli11,bz2_9,gzip9,xz9,zlib9,zstd19","brotli11,bz2_9,gzip9,xz9,zlib9,zstd19",16218,True,,,,raw_gap+16218 comp_gap+16214,"{""brotli"": ""1.2.0"", ""bz2"": ""stdlib"", ""gzip"": ""stdlib"", ""lzma"": ""stdlib"", ""numpy"": ""2.2.6"", ""python"": ""3.13.6"", ""zlib"": ""stdlib"", ""zstandard"": ""0.25.0""}",Windows-11-10.0.22631-SP0,32796,32784,33258,32828,32778,32772,16582,16570,17019,16616,16564,16558
phase1_gf2_n65536_k64_p64_s14,phase1,results/phase1/phase1_gf2_n65536_k64_p64_s14.json,gf2_n65536_k64_p64_s14,9e300c474c1358cce32559616193d51a5d8fdcd9715bd671928dc42c7dd09e09,1048576,14,UNCOMMITTED,2026-08-29T08:47:27.148587+00:00,"{""codec"": ""gf2"", ""n_cols"": 128, ""n_info"": 64, ""n_parity"": 64, ""n_rows"": 65536, ""seed"": 14}",GF2,64,64,4194304,524850,4194304,4224,208,0,32,32,4496,4198800,True,1048581,524855,523726,0.4994616534154252,523726,True,"brotli11,bz2_9,gzip9,xz9,zlib9,zstd19","brotli11,bz2_9,gzip9,xz9,zlib9,zstd19",523731,True,,,,raw_gap+523731 comp_gap+523726,"{""brotli"": ""1.2.0"", ""bz2"": ""stdlib"", ""gzip"": ""stdlib"", ""lzma"": ""stdlib"", ""numpy"": ""2.2.6"", ""python"": ""3.13.6"", ""zlib"": ""stdlib"", ""zstandard"": ""0.25.0""}",Windows-11-10.0.22631-SP0,1048914,1048902,1053721,1048688,1048609,1048581,525033,525021,527674,524936,524874,524855
phase1_intlin_n8192_x1_s31,phase1,results/phase1/phase1_intlin_n8192_x1_s31.json,intlin_n8192_x1_s31,457e7c4be845e80bb93ba18e72c6eeae01555fcf1b5f624eb763da9aeb737c8e,262144,31,UNCOMMITTED,2026-08-29T08:48:03.090161+00:00,"{""codec"": ""tabular_affine"", ""n_cols"": 4, ""n_rows"": 8192}",TABULAR_AFFINE,1,3,524288,196654,1572864,121,208,7,32,0,368,1573232,True,142032,105352,36680,0.2582516615973865,36680,True,"brotli11,bz2_9,gzip9,xz9,zlib9,zstd19","brotli11,bz2_9,gzip9,xz9,zlib9,zstd19",-54622,True,,,,raw_gap-54622 comp_gap+36680,"{""brotli"": ""1.2.0"", ""bz2"": ""stdlib"", ""gzip"": ""stdlib"", ""lzma"": ""stdlib"", ""numpy"": ""2.2.6"", ""python"": ""3.13.6"", ""zlib"": ""stdlib"", ""zstandard"": ""0.25.0""}",Windows-11-10.0.22631-SP0,164485,164473,156352,142032,152437,158498,122875,122863,113661,105352,112735,116763
phase1_near_gf2_n4096_k16_flips1_s51,phase1,results/phase1/phase1_near_gf2_n4096_k16_flips1_s51.json,near_gf2_n4096_k16_flips1_s51,ac02159c631b4bc3e463a21f7dba494dcd6f3bef15b12b4ad3ad0b21c6a10c7e,8704,51,UNCOMMITTED,2026-08-29T08:48:21.215078+00:00,"{""codec"": ""gf2"", ""n_cols"": 17, ""n_flips"": 1}",GF2,0,17,0,8741,69632,17,208,7,32,32,296,69928,True,8708,8745,-37,-0.004248966467615986,-37,True,"brotli11,bz2_9,gzip9,xz9,zlib9,zstd19","brotli11,bz2_9,gzip9,xz9,zlib9,zstd19",-33,True,,,,raw_gap-33 comp_gap-37,"{""brotli"": ""1.2.0"", ""bz2"": ""stdlib"", ""gzip"": ""stdlib"", ""lzma"": ""stdlib"", ""numpy"": ""2.2.6"", ""python"": ""3.13.6"", ""zlib"": ""stdlib"", ""zstandard"": ""0.25.0""}",Windows-11-10.0.22631-SP0,8727,8715,9187,8764,8714,8708,8764,8752,9227,8804,8751,8745
phase1_noise_bits_n8192_c64_s41,phase1,results/phase1/phase1_noise_bits_n8192_c64_s41.json,noise_bits_n8192_c64_s41,07ef8ee9642204bf5345ca068ae82bd7bf9eb39e6c835083396842e73f9b320a,65536,41,UNCOMMITTED,2026-08-29T08:48:14.219121+00:00,"{""codec"": ""gf2_best"", ""n_cols"": 64, ""n_rows"": 8192}",PASSTHROUGH,0,524288,0,65554,524288,0,112,0,32,0,144,524432,True,65540,65559,-19,-0.00028989929813854134,-19,True,"brotli11,bz2_9,gzip9,xz9,zlib9,zstd19","brotli11,bz2_9,gzip9,xz9,zlib9,zstd19",-14,True,,,,raw_gap-14 comp_gap-19,"{""brotli"": ""1.2.0"", ""bz2"": ""stdlib"", ""gzip"": ""stdlib"", ""lzma"": ""stdlib"", ""numpy"": ""2.2.6"", ""python"": ""3.13.6"", ""zlib"": ""stdlib"", ""zstandard"": ""0.25.0""}",Windows-11-10.0.22631-SP0,65574,65562,66181,65600,65546,65540,65592,65580,66190,65620,65564,65559
phase1_noise_table_n2048_c4_s42,phase1,results/phase1/phase1_noise_table_n2048_c4_s42.json,noise_table_n2048_c4_s42,98e907bc2babd90c8108af2d60e168db5b619af3c454736790d13c9d3dfd53e3,65536,42,UNCOMMITTED,2026-08-29T08:48:19.094944+00:00,"{""codec"": ""tabular_affine"", ""n_cols"": 4, ""n_rows"": 2048}",PASSTHROUGH,0,524288,0,65554,524288,0,112,0,32,0,144,524432,True,35380,35404,-24,-0.0006783493499152064,-24,True,"brotli11,bz2_9,gzip9,xz9,zlib9,zstd19","brotli11,bz2_9,gzip9,xz9,zlib9,zstd19",-30174,True,,,,raw_gap-30174 comp_gap-24,"{""brotli"": ""1.2.0"", ""bz2"": ""stdlib"", ""gzip"": ""stdlib"", ""lzma"": ""stdlib"", ""numpy"": ""2.2.6"", ""python"": ""3.13.6"", ""zlib"": ""stdlib"", ""zstandard"": ""0.25.0""}",Windows-11-10.0.22631-SP0,40261,40249,38055,35380,36881,37984,40274,40262,38009,35404,35584,37967
phase1_shuffled_gf2_n4096_k16_p16_s61_s62,phase1,results/phase1/phase1_shuffled_gf2_n4096_k16_p16_s61_s62.json,shuffled_gf2_n4096_k16_p16_s61_s62,26242f13b53356f97d6517e1c9daa304d52383500e3a61ee025035c7c4599cbd,16384,62,UNCOMMITTED,2026-08-29T08:48:27.495743+00:00,"{""codec"": ""gf2_best"", ""source"": ""gf2_n4096_k16_p16_s61""}",PASSTHROUGH,0,131072,0,16402,131072,0,112,0,32,0,144,131216,True,16388,16406,-18,-0.001098364657066146,-18,True,"brotli11,bz2_9,gzip9,xz9,zlib9,zstd19","brotli11,bz2_9,gzip9,xz9,zlib9,zstd19",-14,True,,,,raw_gap-14 comp_gap-18,"{""brotli"": ""1.2.0"", ""bz2"": ""stdlib"", ""gzip"": ""stdlib"", ""lzma"": ""stdlib"", ""numpy"": ""2.2.6"", ""python"": ""3.13.6"", ""zlib"": ""stdlib"", ""zstandard"": ""0.25.0""}",Windows-11-10.0.22631-SP0,16407,16395,16869,16444,16394,16388,16427,16415,16873,16464,16412,16406
phase2_adversarial_near_relation,phase2,results/phase2/phase2_adversarial_near_relation.json,near_gf2_n8192_k32_flips3_s303,5c9122213a304a05e20101388621002f1f7edd8f71f224e0afb922b9f636a487,33792,303,UNCOMMITTED,2026-08-29T08:50:55.780204+00:00,"{""codec"": ""gf2"", ""n_cols"": 33, ""n_flips"": 3}",PASSTHROUGH,0,270336,0,33810,270336,0,112,0,32,0,144,270480,True,33796,33814,-18,-0.0005326074091608474,-18,True,"brotli11,bz2_9,gzip9,xz9,zlib9,zstd19","brotli11,bz2_9,gzip9,xz9,zlib9,zstd19",-14,True,,,,raw_gap-14 comp_gap-18,"{""brotli"": ""1.2.0"", ""bz2"": ""stdlib"", ""gzip"": ""stdlib"", ""lzma"": ""stdlib"", ""numpy"": ""2.2.6"", ""python"": ""3.13.6"", ""zlib"": ""stdlib"", ""zstandard"": ""0.25.0""}",Windows-11-10.0.22631-SP0,33825,33813,34290,33852,33802,33796,33843,33831,34310,33872,33820,33814
phase2_blind_gf2_n8192_k24_p24_s101,phase2,results/phase2/phase2_blind_gf2_n8192_k24_p24_s101.json,gf2_n8192_k24_p24_s101,5c1eae058a59cd6525d1ae7fc629ecf8e46c5ea40a092d29426d5a10894409db,49152,101,UNCOMMITTED,2026-08-29T08:50:30.369446+00:00,"{""blind"": true, ""codec"": ""gf2"", ""dense"": false, ""n_cols"": 48}",GF2,24,24,196608,24688,196608,624,208,0,32,32,896,197504,True,49156,24692,24464,0.4976808527951827,24464,True,"brotli11,bz2_9,gzip9,xz9,zlib9,zstd19","brotli11,bz2_9,gzip9,xz9,zlib9,zstd19",24468,True,,,,raw_gap+24468 comp_gap+24464,"{""brotli"": ""1.2.0"", ""bz2"": ""stdlib"", ""gzip"": ""stdlib"", ""lzma"": ""stdlib"", ""numpy"": ""2.2.6"", ""python"": ""3.13.6"", ""zlib"": ""stdlib"", ""zstandard"": ""0.25.0""}",Windows-11-10.0.22631-SP0,49185,49173,49707,49212,49162,49156,24716,24704,25165,24748,24698,24692
phase2_corpus_builtin_c,phase2,results/phase2/phase2_corpus_builtin_c.json,builtin_c,fda48854a87b8dc90f13c6f09138a750d0f600ef4dae9ff528eaf413ad3b0013,314,,UNCOMMITTED,2026-08-29T08:51:02.548370+00:00,"{""category"": ""source_code"", ""codec"": ""gf2_best""}",GF2,1,7,314,311,2198,15,208,3,32,32,290,2488,True,192,315,-123,-0.640625,-123,True,"brotli11,bz2_9,gzip9,xz9,zlib9,zstd19","brotli11,bz2_9,gzip9,xz9,zlib9,zstd19",-119,True,,,,raw_gap-119 comp_gap-123,"{""brotli"": ""1.2.0"", ""bz2"": ""stdlib"", ""gzip"": ""stdlib"", ""lzma"": ""stdlib"", ""numpy"": ""2.2.6"", ""python"": ""3.13.6"", ""zlib"": ""stdlib"", ""zstandard"": ""0.25.0""}",Windows-11-10.0.22631-SP0,229,217,260,288,218,192,334,322,451,372,316,315
phase2_corpus_builtin_csv,phase2,results/phase2/phase2_corpus_builtin_csv.json,builtin_csv,67a1decda2eb5e719c3fbcfb5f9e26d4956a8e4657eda91e80bd4f57aede58df,34,,UNCOMMITTED,2026-08-29T08:51:05.780785+00:00,"{""category"": ""csv"", ""codec"": ""gf2_best""}",PASSTHROUGH,0,272,0,52,272,0,112,0,32,0,144,416,True,37,55,-18,-0.4864864864864865,-18,True,"brotli11,bz2_9,gzip9,xz9,zlib9,zstd19","brotli11,bz2_9,gzip9,xz9,zlib9,zstd19",-15,True,,,,raw_gap-15 comp_gap-18,"{""brotli"": ""1.2.0"", ""bz2"": ""stdlib"", ""gzip"": ""stdlib"", ""lzma"": ""stdlib"", ""numpy"": ""2.2.6"", ""python"": ""3.13.6"", ""zlib"": ""stdlib"", ""zstandard"": ""0.25.0""}",Windows-11-10.0.22631-SP0,54,42,64,92,43,37,67,55,88,108,61,56
phase2_corpus_builtin_json,phase2,results/phase2/phase2_corpus_builtin_json.json,builtin_json,dc3153cf1d362666105809eb261296f9b28010d36b3cbebb1f4f8c48aec0ad59,237,,UNCOMMITTED,2026-08-29T08:51:03.972903+00:00,"{""category"": ""json"", ""codec"": ""gf2_best""}",GF2,1,7,237,244,1659,15,208,6,32,32,293,1952,True,92,190,-98,-1.065217391304348,-98,True,"brotli11,bz2_9,gzip9,xz9,zlib9,zstd19","brotli11,bz2_9,gzip9,xz9,zlib9,zstd19",-152,True,,,,raw_gap-152 comp_gap-98,"{""brotli"": ""1.2.0"", ""bz2"": ""stdlib"", ""gzip"": ""stdlib"", ""lzma"": ""stdlib"", ""numpy"": ""2.2.6"", ""python"": ""3.13.6"", ""zlib"": ""stdlib"", ""zstandard"": ""0.25.0""}",Windows-11-10.0.22631-SP0,106,94,115,148,101,92,202,190,270,248,199,207
phase2_corpus_builtin_log,phase2,results/phase2/phase2_corpus_builtin_log.json,builtin_log,660b46a24a37fabcbbdb76611626a9119d133744e7b14748b6d25c21d3c66a7a,170,,UNCOMMITTED,2026-08-29T08:51:06.496934+00:00,"{""category"": ""logs"", ""codec"": ""gf2_best""}",GF2,1,7,170,185,1190,15,208,3,32,32,290,1480,True,98,176,-78,-0.7959183673469388,-78,True,"brotli11,bz2_9,gzip9,xz9,zlib9,zstd19","brotli11,bz2_9,gzip9,xz9,zlib9,zstd19",-87,True,,,,raw_gap-87 comp_gap-78,"{""brotli"": ""1.2.0"", ""bz2"": ""stdlib"", ""gzip"": ""stdlib"", ""lzma"": ""stdlib"", ""numpy"": ""2.2.6"", ""python"": ""3.13.6"", ""zlib"": ""stdlib"", ""zstandard"": ""0.25.0""}",Windows-11-10.0.22631-SP0,120,108,146,168,112,98,188,176,246,240,178,183
phase2_corpus_builtin_sqlite,phase2,results/phase2/phase2_corpus_builtin_sqlite.json,builtin_sqlite,0cad8caab48e2d40c3a255df6b5eef5ee32eec0caea30527c589f38d285060f1,8192,,UNCOMMITTED,2026-08-29T08:51:10.385442+00:00,"{""category"": ""sqlite"", ""codec"": ""gf2_best""}",GF2,41,23,41984,3104,23552,1007,208,1,32,32,1280,24832,True,145,244,-99,-0.6827586206896552,-99,True,"brotli11,bz2_9,gzip9,xz9,zlib9,zstd19","brotli11,bz2_9,gzip9,xz9,zlib9,zstd19",-2959,True,,,,raw_gap-2959 comp_gap-99,"{""brotli"": ""1.2.0"", ""bz2"": ""stdlib"", ""gzip"": ""stdlib"", ""lzma"": ""stdlib"", ""numpy"": ""2.2.6"", ""python"": ""3.13.6"", ""zlib"": ""stdlib"", ""zstandard"": ""0.25.0""}",Windows-11-10.0.22631-SP0,191,179,201,236,161,145,261,249,336,308,248,244
phase2_fd_product_n2048_s404,phase2,results/phase2/phase2_fd_product_n2048_s404.json,fd_product_n2048_s404,ccb9166dc08c2e9c2a5f98cb2490f63adbfb34322af1275aea936d41f85153ea,49152,404,UNCOMMITTED,2026-08-29T08:51:00.719972+00:00,"{""codec"": ""tabular_affine"", ""fn"": ""product""}",PASSTHROUGH,0,393216,0,49170,393216,0,112,0,32,0,144,393360,True,18548,18380,168,0.009057580332111279,168,True,"brotli11,bz2_9,gzip9,xz9,zlib9,zstd19","brotli11,bz2_9,gzip9,xz9,zlib9,zstd19",-30622,True,,,,raw_gap-30622 comp_gap+168,"{""brotli"": ""1.2.0"", ""bz2"": ""stdlib"", ""gzip"": ""stdlib"", ""lzma"": ""stdlib"", ""numpy"": ""2.2.6"", ""python"": ""3.13.6"", ""zlib"": ""stdlib"", ""zstandard"": ""0.25.0""}",Windows-11-10.0.22631-SP0,21944,21932,19588,18548,20651,19683,21958,21946,19621,18380,20658,19686
phase2_null_iid_bits,phase2,results/phase2/phase2_null_iid_bits.json,noise_bits_n4096_c128_s202,907f057dda9208cee3089a075213f5497206d99fafae8e299e6c7eae3667bf78,65536,202,UNCOMMITTED,2026-08-29T08:50:51.232351+00:00,"{""codec"": ""gf2_best""}",PASSTHROUGH,0,524288,0,65554,524288,0,112,0,32,0,144,524432,True,65540,65559,-19,-0.00028989929813854134,-19,True,"brotli11,bz2_9,gzip9,xz9,zlib9,zstd19","brotli11,bz2_9,gzip9,xz9,zlib9,zstd19",-14,True,,,,raw_gap-14 comp_gap-19,"{""brotli"": ""1.2.0"", ""bz2"": ""stdlib"", ""gzip"": ""stdlib"", ""lzma"": ""stdlib"", ""numpy"": ""2.2.6"", ""python"": ""3.13.6"", ""zlib"": ""stdlib"", ""zstandard"": ""0.25.0""}",Windows-11-10.0.22631-SP0,65574,65562,66182,65600,65546,65540,65592,65580,66188,65620,65564,65559
phase3_crc32_records_affine,phase3,results/phase3/phase3_crc32_records_affine.json,crc32_n4096_p4_s777,de72357e2f35c2a6da28156eecb043bd8b2a1fc14b3d6207217464e6f9c6803e,32768,777,e4b3962d6e23df0db267f990f753bc00dca536fa-dirty,2026-08-29T09:43:19.279693+00:00,"{""affine"": true, ""codec"": ""gf2_affine"", ""label"": ""format_awareness_CRC32"", ""n_cols"": 64, ""payload_len"": 4}",GF2,32,32,131072,16559,131072,1120,216,0,32,32,1400,132472,True,32772,16563,16209,0.49459904796777737,16209,True,"brotli11,bz2_9,gzip9,xz9,zlib9,zstd19","brotli11,bz2_9,gzip9,xz9,zlib9,zstd19",16213,True,,,,raw_gap+16213 comp_gap+16209,"{""brotli"": ""1.2.0"", ""bz2"": ""stdlib"", ""gzip"": ""stdlib"", ""lzma"": ""stdlib"", ""numpy"": ""2.2.6"", ""python"": ""3.13.6"", ""zlib"": ""stdlib"", ""zstandard"": ""0.25.0""}",Windows-11-10.0.22631-SP0,32796,32784,33266,32828,32778,32772,16587,16575,17042,16620,16569,16563
phase3_crc32_records_homogeneous,phase3,results/phase3/phase3_crc32_records_homogeneous.json,crc32_n4096_p4_s777,de72357e2f35c2a6da28156eecb043bd8b2a1fc14b3d6207217464e6f9c6803e,32768,777,e4b3962d6e23df0db267f990f753bc00dca536fa-dirty,2026-08-29T09:43:18.295012+00:00,"{""affine"": false, ""codec"": ""gf2"", ""label"": ""format_awareness_CRC32"", ""n_cols"": 64, ""payload_len"": 4}",GF2,31,33,126976,17067,135168,1087,216,1,32,32,1368,136536,True,32772,17071,15701,0.47909801049676554,15701,True,"brotli11,bz2_9,gzip9,xz9,zlib9,zstd19","brotli11,bz2_9,gzip9,xz9,zlib9,zstd19",15705,True,,,,raw_gap+15705 comp_gap+15701,"{""brotli"": ""1.2.0"", ""bz2"": ""stdlib"", ""gzip"": ""stdlib"", ""lzma"": ""stdlib"", ""numpy"": ""2.2.6"", ""python"": ""3.13.6"", ""zlib"": ""stdlib"", ""zstandard"": ""0.25.0""}",Windows-11-10.0.22631-SP0,32796,32784,33266,32828,32778,32772,17095,17083,17519,17128,17077,17071
phase3_fd_affine_32k_labeled_prior_art,phase3,results/phase3/phase3_fd_affine_32k_labeled_prior_art.json,fd_affine_n32768_s501,bccec2f031a0794a41def665582cb5ae8cf96fb59b15e4173d81bf56b51e47eb,786432,501,UNCOMMITTED,2026-08-29T08:56:25.971653+00:00,"{""codec"": ""tabular_affine"", ""label"": ""FD_elimination_prior_art"", ""n_rows"": 32768}",TABULAR_AFFINE,1,2,2097152,524332,4194304,105,208,7,32,0,352,4194656,True,429788,279852,149936,0.3488603683676603,149936,True,"brotli11,bz2_9,gzip9,xz9,zlib9,zstd19","brotli11,bz2_9,gzip9,xz9,zlib9,zstd19",-94544,True,,,,raw_gap-94544 comp_gap+149936,"{""brotli"": ""1.2.0"", ""bz2"": ""stdlib"", ""gzip"": ""stdlib"", ""lzma"": ""stdlib"", ""numpy"": ""2.2.6"", ""python"": ""3.13.6"", ""zlib"": ""stdlib"", ""zstandard"": ""0.25.0""}",Windows-11-10.0.22631-SP0,500928,500916,475608,429788,438756,481718,327157,327145,300213,279852,284708,310768
phase3_repo_source_md,phase3,results/phase3/phase3_repo_source_md.json,repo_src_tests_docs_experiments,6d75c5a7a911d13260cbd6ef22e3a693cde9a16fd30f29d21bf2b6cacbb106b0,116597,,UNCOMMITTED,2026-08-29T08:55:43.592590+00:00,"{""codec"": ""gf2_best"", ""widths"": [8, 16, 32, 64, 128]}",GF2,2,126,14574,114857,918162,380,208,2,32,72,694,918856,True,26135,69965,-43830,-1.6770614118997513,-43830,True,"brotli11,bz2_9,gzip9,xz9,zlib9,zstd19","brotli11,bz2_9,gzip9,xz9,zlib9,zstd19",-88722,True,,,,raw_gap-88722 comp_gap-43830,"{""brotli"": ""1.2.0"", ""bz2"": ""stdlib"", ""gzip"": ""stdlib"", ""lzma"": ""stdlib"", ""numpy"": ""2.2.6"", ""python"": ""3.13.6"", ""zlib"": ""stdlib"", ""zstandard"": ""0.25.0""}",Windows-11-10.0.22631-SP0,30435,30423,26959,27444,27983,26135,79161,79149,69965,71236,73064,71563
phase4_formats_png_48x48_s801,phase4,results/phase4_formats/phase4_formats_png_48x48_s801.json,png_48x48_s801,bb418717e87ace0a49a3c2c96d84e7b040dfe6d7b20fc89a607e9b30a85a6773,7028,801,aea7e6c079bc54aa2fa4dd95815dd107e0bc050d-dirty,2026-08-29T10:02:07.474711+00:00,"{""category"": ""png"", ""codec"": ""gf2_best"", ""label"": ""format_awareness_trap"", ""widths"": [8, 16, 32, 64, 128]}",PASSTHROUGH,0,56224,0,7046,56224,0,112,0,32,0,144,56368,True,7032,7050,-18,-0.002559726962457338,-18,True,"brotli11,bz2_9,gzip9,xz9,zlib9,zstd19","brotli11,bz2_9,gzip9,xz9,zlib9,zstd19",-14,True,,,,raw_gap-14 no_deduction header_perturbation-18,"{""brotli"": ""1.2.0"", ""bz2"": ""stdlib"", ""gzip"": ""stdlib"", ""lzma"": ""stdlib"", ""numpy"": ""2.2.6"", ""python"": ""3.13.6"", ""zlib"": ""stdlib"", ""zstandard"": ""0.25.0""}",Windows-11-10.0.22631-SP0,7051,7039,7513,7088,7038,7032,7069,7057,7554,7108,7056,7050
phase4_formats_sqlite_fd_n4000_s802,phase4,results/phase4_formats/phase4_formats_sqlite_fd_n4000_s802.json,sqlite_fd_n4000_c_eq_a_plus_b_s802,24d7c556b7f228d92894020098d389d1b99d3ba98cb1f3575a6c2ef578ca162f,69632,802,aea7e6c079bc54aa2fa4dd95815dd107e0bc050d-dirty,2026-08-29T10:04:05.921844+00:00,"{""category"": ""sqlite"", ""codec"": ""gf2_best"", ""label"": ""format_awareness_trap"", ""widths"": [8, 16, 32, 64]}",PASSTHROUGH,0,557056,0,69650,557056,0,112,0,32,0,144,557200,True,30796,31042,-246,-0.007988050396155345,-246,False,"brotli11,bz2_9,gzip9,xz9,zlib9,zstd19","brotli11,bz2_9,gzip9,zlib9,zstd19",-38854,True,,,,raw_gap-38854 no_deduction header_perturbation-246,"{""brotli"": ""1.2.0"", ""bz2"": ""stdlib"", ""gzip"": ""stdlib"", ""lzma"": ""stdlib"", ""numpy"": ""2.2.6"", ""python"": ""3.13.6"", ""zlib"": ""stdlib"", ""zstandard"": ""0.25.0""}",Windows-11-10.0.22631-SP0,41252,41240,40546,31012,37431,30796,41268,41256,40584,,37445,31042
phase4_formats_zip_stored_s803,phase4,results/phase4_formats/phase4_formats_zip_stored_s803.json,zip_stored_8kib_rand_plus_text_s803,17a5a7760809830d3a17587d001e95313d7508f7c632bda29b217d8d7e00b0cd,8431,803,aea7e6c079bc54aa2fa4dd95815dd107e0bc050d-dirty,2026-08-29T10:45:48.571212+00:00,"{""category"": ""zip"", ""codec"": ""gf2_best"", ""label"": ""format_awareness_trap"", ""widths"": [8, 16, 32, 64, 128]}",PASSTHROUGH,0,67448,0,8449,67448,0,112,0,32,0,144,67592,True,8343,8358,-15,-0.0017979144192736426,-15,True,"brotli11,bz2_9,gzip9,xz9,zlib9,zstd19","brotli11,bz2_9,gzip9,xz9,zlib9,zstd19",-106,True,,,,raw_gap-106 no_deduction header_perturbation-15,"{""brotli"": ""1.2.0"", ""bz2"": ""stdlib"", ""gzip"": ""stdlib"", ""lzma"": ""stdlib"", ""numpy"": ""2.2.6"", ""python"": ""3.13.6"", ""zlib"": ""stdlib"", ""zstandard"": ""0.25.0""}",Windows-11-10.0.22631-SP0,8401,8389,8854,8484,8347,8343,8412,8400,8894,8496,8361,8358
phase4_pack_gf2_n12800_k32_p32_s903,phase4,results/phase4_pack/phase4_pack_gf2_n12800_k32_p32_s903.json,gf2_n12800_k32_p32_s903,8dc9f5e95802607fa0b48cf2c000860aebddda74138037c5f5d05bc1082694c2,102400,903,2a4733c8e72b0657f50c6bc9767237162c6be7db-dirty,2026-08-29T11:02:22.872254+00:00,"{""codec"": ""gf2"", ""n_cols"": 64, ""n_info"": 32, ""n_parity"": 32, ""n_rows"": 12800, ""packed_baselines"": {""brotli11"": {""available"": true, ""bytes"": 51204, ""notes"": """"}, ""bz2_9"": {""available"": true, ""bytes"": 51773, ""notes"": """"}, ""gzip9"": {""available"": true, ""bytes"": 51238, ""notes"": """"}, ""xz9"": {""available"": true, ""bytes"": 51260, ""notes"": """"}, ""zlib9"": {""available"": true, ""bytes"": 51226, ""notes"": """"}, ""zstd19"": {""available"": true, ""bytes"": 51210, ""notes"": """"}}, ""packed_best_stat_bytes"": 51204, ""packed_n_relations"": 32, ""packed_payload_bytes"": 51200, ""packed_rank"": 32, ""payload_then_stat_bytes"": 51375, ""relation_header_crc_leftover_bytes"": 171, ""seed"": 903, ""size_label"": ""100KiB""}",GF2,32,32,409600,51371,409600,1088,216,0,32,32,1368,410968,True,102405,51375,51030,0.49831551193789364,51030,True,"brotli11,bz2_9,gzip9,xz9,zlib9,zstd19","brotli11,bz2_9,gzip9,xz9,zlib9,zstd19",51034,True,,,,raw_gap+51034 comp_gap+51030,"{""brotli"": ""1.2.0"", ""bz2"": ""stdlib"", ""gzip"": ""stdlib"", ""lzma"": ""stdlib"", ""numpy"": ""2.2.6"", ""python"": ""3.13.6"", ""zlib"": ""stdlib"", ""zstandard"": ""0.25.0""}",Windows-11-10.0.22631-SP0,102453,102441,103236,102464,102412,102405,51409,51397,51948,51432,51381,51375
phase4_pack_gf2_n1280_k32_p32_s902,phase4,results/phase4_pack/phase4_pack_gf2_n1280_k32_p32_s902.json,gf2_n1280_k32_p32_s902,c78ca4eb1e539975d9aa8b76779a790da3ab91af027b14de14c2d22c1f4b97d6,10240,902,2a4733c8e72b0657f50c6bc9767237162c6be7db-dirty,2026-08-29T11:02:15.758748+00:00,"{""codec"": ""gf2"", ""n_cols"": 64, ""n_info"": 32, ""n_parity"": 32, ""n_rows"": 1280, ""packed_baselines"": {""brotli11"": {""available"": true, ""bytes"": 5124, ""notes"": """"}, ""bz2_9"": {""available"": true, ""bytes"": 5622, ""notes"": """"}, ""gzip9"": {""available"": true, ""bytes"": 5143, ""notes"": """"}, ""xz9"": {""available"": true, ""bytes"": 5180, ""notes"": """"}, ""zlib9"": {""available"": true, ""bytes"": 5131, ""notes"": """"}, ""zstd19"": {""available"": true, ""bytes"": 5130, ""notes"": """"}}, ""packed_best_stat_bytes"": 5124, ""packed_n_relations"": 32, ""packed_payload_bytes"": 5120, ""packed_rank"": 32, ""payload_then_stat_bytes"": 5295, ""relation_header_crc_leftover_bytes"": 171, ""seed"": 902, ""size_label"": ""10KiB""}",GF2,32,32,40960,5291,40960,1088,216,0,32,32,1368,42328,True,10244,5295,4949,0.48311206559937525,4949,True,"brotli11,bz2_9,gzip9,xz9,zlib9,zstd19","brotli11,bz2_9,gzip9,xz9,zlib9,zstd19",4953,True,,,,raw_gap+4953 comp_gap+4949,"{""brotli"": ""1.2.0"", ""bz2"": ""stdlib"", ""gzip"": ""stdlib"", ""lzma"": ""stdlib"", ""numpy"": ""2.2.6"", ""python"": ""3.13.6"", ""zlib"": ""stdlib"", ""zstandard"": ""0.25.0""}",Windows-11-10.0.22631-SP0,10263,10251,10710,10300,10250,10244,5314,5302,5845,5352,5301,5295
phase4_scaling_gf2_affine_parity_n1280_k32_s910_affine,phase4,results/phase4_scaling/phase4_scaling_gf2_affine_parity_n1280_k32_s910_affine.json,gf2_affine_parity_n1280_k32_s910,098c5289141b45c3c1f8579449d3ab1961df0f8b7da42bff424d905b8305770c,5280,910,aea7e6c079bc54aa2fa4dd95815dd107e0bc050d-dirty,2026-08-29T10:08:13.933701+00:00,"{""affine"": true, ""codec"": ""gf2_affine"", ""n_cols"": 33, ""n_info"": 32, ""n_parity"": 1, ""n_rows"": 1280, ""size_label"": ""affine10_aff""}",GF2,1,32,1280,5164,40960,66,216,6,32,32,352,41312,True,5284,5168,116,0.02195306585919758,116,True,"brotli11,bz2_9,gzip9,xz9,zlib9,zstd19","brotli11,bz2_9,gzip9,xz9,zlib9,zstd19",120,True,,,,raw_gap+120 comp_gap+116,"{""brotli"": ""1.2.0"", ""bz2"": ""stdlib"", ""gzip"": ""stdlib"", ""lzma"": ""stdlib"", ""numpy"": ""2.2.6"", ""python"": ""3.13.6"", ""zlib"": ""stdlib"", ""zstandard"": ""0.25.0""}",Windows-11-10.0.22631-SP0,5303,5291,5780,5340,5290,5284,5187,5175,5671,5224,5174,5168
phase4_scaling_gf2_affine_parity_n1280_k32_s910_homogeneous,phase4,results/phase4_scaling/phase4_scaling_gf2_affine_parity_n1280_k32_s910_homogeneous.json,gf2_affine_parity_n1280_k32_s910,098c5289141b45c3c1f8579449d3ab1961df0f8b7da42bff424d905b8305770c,5280,910,aea7e6c079bc54aa2fa4dd95815dd107e0bc050d-dirty,2026-08-29T10:08:12.183017+00:00,"{""affine"": false, ""codec"": ""gf2"", ""n_cols"": 33, ""n_info"": 32, ""n_parity"": 1, ""n_rows"": 1280, ""size_label"": ""affine10_hom""}",PASSTHROUGH,0,42240,0,5298,42240,0,112,0,32,0,144,42384,True,5284,5302,-18,-0.0034065102195306586,-18,True,"brotli11,bz2_9,gzip9,xz9,zlib9,zstd19","brotli11,bz2_9,gzip9,xz9,zlib9,zstd19",-14,True,,,,raw_gap-14 no_deduction header_perturbation-18,"{""brotli"": ""1.2.0"", ""bz2"": ""stdlib"", ""gzip"": ""stdlib"", ""lzma"": ""stdlib"", ""numpy"": ""2.2.6"", ""python"": ""3.13.6"", ""zlib"": ""stdlib"", ""zstandard"": ""0.25.0""}",Windows-11-10.0.22631-SP0,5303,5291,5780,5340,5290,5284,5321,5309,5787,5360,5308,5302
phase4_scaling_gf2_n12800_k32_p32_s903,phase4,results/phase4_scaling/phase4_scaling_gf2_n12800_k32_p32_s903.json,gf2_n12800_k32_p32_s903,8dc9f5e95802607fa0b48cf2c000860aebddda74138037c5f5d05bc1082694c2,102400,903,aea7e6c079bc54aa2fa4dd95815dd107e0bc050d-dirty,2026-08-29T10:07:51.802748+00:00,"{""codec"": ""gf2"", ""n_cols"": 64, ""n_info"": 32, ""n_parity"": 32, ""n_rows"": 12800, ""seed"": 903, ""size_label"": ""100KiB""}",GF2,32,32,409600,51371,409600,1088,216,0,32,32,1368,410968,True,102405,51375,51030,0.49831551193789364,51030,True,"brotli11,bz2_9,gzip9,xz9,zlib9,zstd19","brotli11,bz2_9,gzip9,xz9,zlib9,zstd19",51034,True,,,,raw_gap+51034 comp_gap+51030,"{""brotli"": ""1.2.0"", ""bz2"": ""stdlib"", ""gzip"": ""stdlib"", ""lzma"": ""stdlib"", ""numpy"": ""2.2.6"", ""python"": ""3.13.6"", ""zlib"": ""stdlib"", ""zstandard"": ""0.25.0""}",Windows-11-10.0.22631-SP0,102453,102441,103236,102464,102412,102405,51409,51397,51948,51432,51381,51375
phase4_scaling_gf2_n1280_k32_p32_s902,phase4,results/phase4_scaling/phase4_scaling_gf2_n1280_k32_p32_s902.json,gf2_n1280_k32_p32_s902,c78ca4eb1e539975d9aa8b76779a790da3ab91af027b14de14c2d22c1f4b97d6,10240,902,aea7e6c079bc54aa2fa4dd95815dd107e0bc050d-dirty,2026-08-29T10:07:38.634298+00:00,"{""codec"": ""gf2"", ""n_cols"": 64, ""n_info"": 32, ""n_parity"": 32, ""n_rows"": 1280, ""seed"": 902, ""size_label"": ""10KiB""}",GF2,32,32,40960,5291,40960,1088,216,0,32,32,1368,42328,True,10244,5295,4949,0.48311206559937525,4949,True,"brotli11,bz2_9,gzip9,xz9,zlib9,zstd19","brotli11,bz2_9,gzip9,xz9,zlib9,zstd19",4953,True,,,,raw_gap+4953 comp_gap+4949,"{""brotli"": ""1.2.0"", ""bz2"": ""stdlib"", ""gzip"": ""stdlib"", ""lzma"": ""stdlib"", ""numpy"": ""2.2.6"", ""python"": ""3.13.6"", ""zlib"": ""stdlib"", ""zstandard"": ""0.25.0""}",Windows-11-10.0.22631-SP0,10263,10251,10710,10300,10250,10244,5314,5302,5845,5352,5301,5295
phase4_scaling_gf2_n128_k32_p32_s901,phase4,results/phase4_scaling/phase4_scaling_gf2_n128_k32_p32_s901.json,gf2_n128_k32_p32_s901,73f53fb6064325fa48e7b380f80b062625763041368fd8719af9885fe6c8ba35,1024,901,aea7e6c079bc54aa2fa4dd95815dd107e0bc050d-dirty,2026-08-29T10:07:17.740640+00:00,"{""codec"": ""gf2"", ""n_cols"": 64, ""n_info"": 32, ""n_parity"": 32, ""n_rows"": 128, ""seed"": 901, ""size_label"": ""1KiB""}",GF2,32,32,4096,683,4096,1088,216,0,32,32,1368,5464,True,1028,685,343,0.3336575875486381,343,True,"brotli11,bz2_9,gzip9,xz9,zlib9,zstd19","brotli11,bz2_9,gzip9,xz9,zlib9,zstd19",345,True,,,,raw_gap+345 comp_gap+343,"{""brotli"": ""1.2.0"", ""bz2"": ""stdlib"", ""gzip"": ""stdlib"", ""lzma"": ""stdlib"", ""numpy"": ""2.2.6"", ""python"": ""3.13.6"", ""zlib"": ""stdlib"", ""zstandard"": ""0.25.0""}",Windows-11-10.0.22631-SP0,1047,1035,1344,1084,1034,1028,706,694,885,744,685,687
phase4_scaling_gf2_n32000_k32_p32_s904,phase4,results/phase4_scaling/phase4_scaling_gf2_n32000_k32_p32_s904.json,gf2_n32000_k32_p32_s904,cf4abb5ce3549c0bb9ec84d7c4091c844fcc95cbc0423bc7897717ad0a94a7cf,256000,904,aea7e6c079bc54aa2fa4dd95815dd107e0bc050d-dirty,2026-08-29T10:08:10.778366+00:00,"{""codec"": ""gf2"", ""n_cols"": 64, ""n_info"": 32, ""n_parity"": 32, ""n_rows"": 32000, ""seed"": 904, ""size_label"": ""256KiB""}",GF2,32,32,1024000,128171,1024000,1088,216,0,32,32,1368,1025368,True,256005,128176,127829,0.49932227886174096,127829,True,"brotli11,bz2_9,gzip9,xz9,zlib9,zstd19","brotli11,bz2_9,gzip9,xz9,zlib9,zstd19",127834,True,,,,raw_gap+127834 comp_gap+127829,"{""brotli"": ""1.2.0"", ""bz2"": ""stdlib"", ""gzip"": ""stdlib"", ""lzma"": ""stdlib"", ""numpy"": ""2.2.6"", ""python"": ""3.13.6"", ""zlib"": ""stdlib"", ""zstandard"": ""0.25.0""}",Windows-11-10.0.22631-SP0,256098,256086,257561,256072,256015,256005,128229,128217,129119,128240,128183,128176
phase4_natural_csv_fd_gf2,phase4_natural,results/phase4_natural/phase4_natural_csv_fd_gf2.json,csv_fd_n8000_s701,e3399b0a8a8f8c822b63a1fa071cbc1f385ea9d5df8ec8b02e68419627d9a60e,122204,701,aea7e6c079bc54aa2fa4dd95815dd107e0bc050d-dirty,2026-08-29T10:24:13.636054+00:00,"{""category"": ""csv"", ""codec"": ""gf2_best"", ""label"": ""FD_in_text""}",GF2,15,49,229125,93699,748475,799,216,6,32,64,1117,749592,True,50904,72657,-21753,-0.4273338048090523,-21753,True,"brotli11,bz2_9,gzip9,xz9,zlib9,zstd19","brotli11,bz2_9,gzip9,xz9,zlib9,zstd19",-42795,True,,,,raw_gap-42795 comp_gap-21753,"{""brotli"": ""1.2.0"", ""bz2"": ""stdlib"", ""gzip"": ""stdlib"", ""lzma"": ""stdlib"", ""numpy"": ""2.2.6"", ""python"": ""3.13.6"", ""zlib"": ""stdlib"", ""zstandard"": ""0.25.0""}",Windows-11-10.0.22631-SP0,58775,58763,50904,54092,55302,51818,85263,85251,72657,80148,82444,77838
phase4_natural_csv_fd_tabular,phase4_natural,results/phase4_natural/phase4_natural_csv_fd_tabular.json,csv_fd_n8000_s701_int64,2d580f451c37fe8c2f9e1b6f52e978957ad4b5eea7801b1e288e3ff6dc2b564b,192000,701,aea7e6c079bc54aa2fa4dd95815dd107e0bc050d-dirty,2026-08-29T10:24:44.969528+00:00,"{""codec"": ""tabular_affine"", ""label"": ""FD_elimination_prior_art"", ""n_cols"": 3}",TABULAR_AFFINE,1,2,512000,128044,1024000,105,208,7,32,0,352,1024352,True,43436,27876,15560,0.35822819780826964,15560,True,"brotli11,bz2_9,gzip9,xz9,zlib9,zstd19","brotli11,bz2_9,gzip9,xz9,zlib9,zstd19",-84608,True,,,,raw_gap-84608 comp_gap+15560,"{""brotli"": ""1.2.0"", ""bz2"": ""stdlib"", ""gzip"": ""stdlib"", ""lzma"": ""stdlib"", ""numpy"": ""2.2.6"", ""python"": ""3.13.6"", ""zlib"": ""stdlib"", ""zstandard"": ""0.25.0""}",Windows-11-10.0.22631-SP0,62317,62305,44124,43436,55561,56862,40176,40164,27876,28396,35869,40853
phase4_natural_enwik8_1mb,phase4_natural,results/phase4_natural/phase4_natural_enwik8_1mb.json,enwik8_prefix_1mb,369b688978f649681136198fb96db14c1616756260c55fb4b65e9bc049552cad,1000000,,aea7e6c079bc54aa2fa4dd95815dd107e0bc050d-dirty,2026-08-29T10:28:33.500713+00:00,"{""category"": ""text"", ""codec"": ""gf2_best"", ""n_bytes"": 1000000}",PASSTHROUGH,0,8000000,0,1000018,8000000,0,112,0,32,0,144,8000144,True,281012,281092,-80,-0.0002846853515152378,-80,True,"brotli11,bz2_9,gzip9,xz9,zlib9,zstd19","brotli11,bz2_9,gzip9,xz9,zlib9,zstd19",-719006,True,,,,raw_gap-719006 no_deduction header_perturbation-80,"{""brotli"": ""1.2.0"", ""bz2"": ""stdlib"", ""gzip"": ""stdlib"", ""lzma"": ""stdlib"", ""numpy"": ""2.2.6"", ""python"": ""3.13.6"", ""zlib"": ""stdlib"", ""zstandard"": ""0.25.0""}",Windows-11-10.0.22631-SP0,355791,355779,281323,290692,300075,281012,355816,355804,281496,290744,300109,281092
phase4_natural_pe_prefix,phase4_natural,results/phase4_natural/phase4_natural_pe_prefix.json,python_executable_prefix,91566dc8bb9a336c36c607ee0d5a5135e54ddce2418e2cd7728a49c8f098904a,104928,,aea7e6c079bc54aa2fa4dd95815dd107e0bc050d-dirty,2026-08-29T10:22:30.679209+00:00,"{""category"": ""binary"", ""codec"": ""gf2_best"", ""max_bytes"": 256000}",PASSTHROUGH,0,839424,0,104946,839424,0,112,0,32,0,144,839568,True,51104,51128,-24,-0.000469630557294928,-24,True,"brotli11,bz2_9,gzip9,xz9,zlib9,zstd19","brotli11,bz2_9,gzip9,xz9,zlib9,zstd19",-53842,True,,,,raw_gap-53842 no_deduction header_perturbation-24,"{""brotli"": ""1.2.0"", ""bz2"": ""stdlib"", ""gzip"": ""stdlib"", ""lzma"": ""stdlib"", ""numpy"": ""2.2.6"", ""python"": ""3.13.6"", ""zlib"": ""stdlib"", ""zstandard"": ""0.25.0""}",Windows-11-10.0.22631-SP0,54617,54605,57234,51104,52977,51354,54629,54617,57258,51128,52985,51313
phase4_natural_stdlib_py,phase4_natural,results/phase4_natural/phase4_natural_stdlib_py.json,python_stdlib_py_prefix,a01713a2ee043fc28e0564c7f291b27420b27707c1bc193b3b869e84107f3541,400000,,aea7e6c079bc54aa2fa4dd95815dd107e0bc050d-dirty,2026-08-29T10:22:00.749485+00:00,"{""category"": ""source_code"", ""codec"": ""gf2_best"", ""max_bytes"": 400000}",GF2,1,7,400000,350037,2800000,15,216,1,32,32,296,2800296,True,74546,139723,-65177,-0.8743192122984466,-65177,True,"brotli11,bz2_9,gzip9,xz9,zlib9,zstd19","brotli11,bz2_9,gzip9,xz9,zlib9,zstd19",-275491,True,,,,raw_gap-275491 comp_gap-65177,"{""brotli"": ""1.2.0"", ""bz2"": ""stdlib"", ""gzip"": ""stdlib"", ""lzma"": ""stdlib"", ""numpy"": ""2.2.6"", ""python"": ""3.13.6"", ""zlib"": ""stdlib"", ""zstandard"": ""0.25.0""}",Windows-11-10.0.22631-SP0,89041,89029,76863,77204,78927,74546,169365,169353,139723,146160,149359,147727
phase4_paq8l_l3_gf2_n1280_k32_p32_s902,phase4_paq,results/phase4_paq/phase4_paq8l_l3_gf2_n1280_k32_p32_s902.json,gf2_n1280_k32_p32_s902,c78ca4eb1e539975d9aa8b76779a790da3ab91af027b14de14c2d22c1f4b97d6,10240,902,c50c71ef25b848656c26732f25d7206482f77e93-dirty,2026-08-29T11:21:15.706494+00:00,"{""codec"": ""gf2"", ""n_cols"": 64, ""n_info"": 32, ""n_parity"": 32, ""n_rows"": 1280, ""paq"": ""paq8l"", ""paq8l_dedc_bytes"": 5331, ""paq8l_dedc_error"": """", ""paq8l_dedc_seconds"": 2.504540599999018, ""paq8l_exe"": ""paq8l.exe"", ""paq8l_level"": 3, ""paq8l_raw_bytes"": 10299, ""paq8l_raw_error"": """", ""paq8l_raw_minus_paq_dedc"": 4968, ""paq8l_raw_seconds"": 2.460120400006417, ""paq8l_vs_dedc"": 5008, ""paq_level"": 3, ""seed"": 902}",GF2,32,32,40960,5291,40960,1088,216,0,32,32,1368,42328,True,10244,5295,4949,0.48311206559937525,4949,True,"brotli11,bz2_9,gzip9,xz9,zlib9,zstd19","brotli11,bz2_9,gzip9,xz9,zlib9,zstd19",4953,True,,,,raw_gap+4953 comp_gap+4949,"{""brotli"": ""1.2.0"", ""bz2"": ""stdlib"", ""gzip"": ""stdlib"", ""lzma"": ""stdlib"", ""numpy"": ""2.2.6"", ""python"": ""3.13.6"", ""zlib"": ""stdlib"", ""zstandard"": ""0.25.0""}",Windows-11-10.0.22631-SP0,10263,10251,10710,10300,10250,10244,5314,5302,5845,5352,5301,5295
phase4_paq8l_l8_gf2_n1280_k32_p32_s902,phase4_paq,results/phase4_paq/phase4_paq8l_l8_gf2_n1280_k32_p32_s902.json,gf2_n1280_k32_p32_s902,c78ca4eb1e539975d9aa8b76779a790da3ab91af027b14de14c2d22c1f4b97d6,10240,902,3029ca42afa94a00d5b62447b6f43afbe729f7bb-dirty,2026-08-29T11:42:17.638448+00:00,"{""codec"": ""gf2"", ""n_cols"": 64, ""n_info"": 32, ""n_parity"": 32, ""n_rows"": 1280, ""paq"": ""paq8l"", ""paq8l_dedc_bytes"": 5347, ""paq8l_dedc_error"": """", ""paq8l_dedc_seconds"": 11.490288200002396, ""paq8l_exe"": ""paq8l.exe"", ""paq8l_level"": 8, ""paq8l_raw_bytes"": 10321, ""paq8l_raw_error"": """", ""paq8l_raw_minus_paq_dedc"": 4974, ""paq8l_raw_seconds"": 14.503557999996701, ""paq8l_vs_dedc"": 5030, ""paq_level"": 8, ""seed"": 902}",GF2,32,32,40960,5291,40960,1088,216,0,32,32,1368,42328,True,10244,5295,4949,0.48311206559937525,4949,True,"brotli11,bz2_9,gzip9,xz9,zlib9,zstd19","brotli11,bz2_9,gzip9,xz9,zlib9,zstd19",4953,True,,,,raw_gap+4953 comp_gap+4949,"{""brotli"": ""1.2.0"", ""bz2"": ""stdlib"", ""gzip"": ""stdlib"", ""lzma"": ""stdlib"", ""numpy"": ""2.2.6"", ""python"": ""3.13.6"", ""zlib"": ""stdlib"", ""zstandard"": ""0.25.0""}",Windows-11-10.0.22631-SP0,10263,10251,10710,10300,10250,10244,5314,5302,5845,5352,5301,5295
phase4_paq8px_v216_l4_gf2_n1280_k32_p32_s902,phase4_paq,results/phase4_paq/phase4_paq8px_v216_l4_gf2_n1280_k32_p32_s902.json,gf2_n1280_k32_p32_s902,c78ca4eb1e539975d9aa8b76779a790da3ab91af027b14de14c2d22c1f4b97d6,10240,902,13c875ba6ddbeb459209ac42d28299c8b2748269-dirty,2026-08-29T12:25:59.888012+00:00,"{""codec"": ""gf2"", ""n_cols"": 64, ""n_info"": 32, ""n_parity"": 32, ""n_rows"": 1280, ""paq"": ""paq8px"", ""paq8px_dedc_bytes"": 5289, ""paq8px_dedc_error"": """", ""paq8px_dedc_seconds"": 9.451457499992102, ""paq8px_exe"": ""paq8px.exe"", ""paq8px_level"": 4, ""paq8px_raw_bytes"": 10262, ""paq8px_raw_error"": """", ""paq8px_raw_minus_paq_dedc"": 4973, ""paq8px_raw_seconds"": 14.746529099997133, ""paq8px_version"": ""v216"", ""paq8px_vs_dedc"": 4971, ""paq_level"": 4, ""paq_version"": ""v216"", ""seed"": 902}",GF2,32,32,40960,5291,40960,1088,216,0,32,32,1368,42328,True,10244,5295,4949,0.48311206559937525,4949,True,"brotli11,bz2_9,gzip9,xz9,zlib9,zstd19","brotli11,bz2_9,gzip9,xz9,zlib9,zstd19",4953,True,,,,raw_gap+4953 comp_gap+4949,"{""brotli"": ""1.2.0"", ""bz2"": ""stdlib"", ""gzip"": ""stdlib"", ""lzma"": ""stdlib"", ""numpy"": ""2.2.6"", ""python"": ""3.13.6"", ""zlib"": ""stdlib"", ""zstandard"": ""0.25.0""}",Windows-11-10.0.22631-SP0,10263,10251,10710,10300,10250,10244,5314,5302,5845,5352,5301,5295
phase4_paq8px_v216_l8_gf2_n1280_k32_p32_s902,phase4_paq,results/phase4_paq/phase4_paq8px_v216_l8_gf2_n1280_k32_p32_s902.json,gf2_n1280_k32_p32_s902,c78ca4eb1e539975d9aa8b76779a790da3ab91af027b14de14c2d22c1f4b97d6,10240,902,13c875ba6ddbeb459209ac42d28299c8b2748269-dirty,2026-08-29T12:26:50.973895+00:00,"{""codec"": ""gf2"", ""n_cols"": 64, ""n_info"": 32, ""n_parity"": 32, ""n_rows"": 1280, ""paq"": ""paq8px"", ""paq8px_dedc_bytes"": 5288, ""paq8px_dedc_error"": """", ""paq8px_dedc_seconds"": 18.59284570001182, ""paq8px_exe"": ""paq8px.exe"", ""paq8px_level"": 8, ""paq8px_raw_bytes"": 10261, ""paq8px_raw_error"": """", ""paq8px_raw_minus_paq_dedc"": 4973, ""paq8px_raw_seconds"": 50.03537279999, ""paq8px_version"": ""v216"", ""paq8px_vs_dedc"": 4970, ""paq_level"": 8, ""paq_version"": ""v216"", ""seed"": 902}",GF2,32,32,40960,5291,40960,1088,216,0,32,32,1368,42328,True,10244,5295,4949,0.48311206559937525,4949,True,"brotli11,bz2_9,gzip9,xz9,zlib9,zstd19","brotli11,bz2_9,gzip9,xz9,zlib9,zstd19",4953,True,,,,raw_gap+4953 comp_gap+4949,"{""brotli"": ""1.2.0"", ""bz2"": ""stdlib"", ""gzip"": ""stdlib"", ""lzma"": ""stdlib"", ""numpy"": ""2.2.6"", ""python"": ""3.13.6"", ""zlib"": ""stdlib"", ""zstandard"": ""0.25.0""}",Windows-11-10.0.22631-SP0,10263,10251,10710,10300,10250,10244,5314,5302,5845,5352,5301,5295
phase4_silesia_dickens_p512000,phase4_silesia,results/phase4_silesia/phase4_silesia_dickens_p512000.json,silesia_dickens_prefix_512000,3d2b8a388908b800ded23f8d2f6b3e181c9951fef6039649acd04d51ccd462f6,512000,,2a4733c8e72b0657f50c6bc9767237162c6be7db-dirty,2026-08-29T11:12:06.047769+00:00,"{""category"": ""silesia"", ""codec"": ""gf2_best"", ""label"": ""public_corpus_prefix"", ""member"": ""dickens"", ""n_bytes"": 512000}",GF2,1,31,128000,496043,3968000,63,216,1,32,32,344,3968344,True,140096,254775,-114679,-0.8185744061215167,-114679,True,"brotli11,bz2_9,gzip9,xz9,zlib9,zstd19","brotli11,bz2_9,gzip9,xz9,zlib9,zstd19",-355947,True,,,,raw_gap-355947 comp_gap-114679,"{""brotli"": ""1.2.0"", ""bz2"": ""stdlib"", ""gzip"": ""stdlib"", ""lzma"": ""stdlib"", ""numpy"": ""2.2.6"", ""python"": ""3.13.6"", ""zlib"": ""stdlib"", ""zstandard"": ""0.25.0""}",Windows-11-10.0.22631-SP0,189030,189018,140096,157680,159503,153774,373112,373100,254775,295180,301752,296576
phase4_silesia_mozilla_p512000,phase4_silesia,results/phase4_silesia/phase4_silesia_mozilla_p512000.json,silesia_mozilla_prefix_512000,8d9f453bbfc0e76473a247cecdba2895508d639caf70b5d66a20d43e5ea6d946,512000,,c50c71ef25b848656c26732f25d7206482f77e93-dirty,2026-08-29T11:19:39.515740+00:00,"{""category"": ""silesia"", ""codec"": ""gf2_best"", ""label"": ""public_corpus_prefix"", ""member"": ""mozilla"", ""n_bytes"": 512000}",PASSTHROUGH,0,4096000,0,512018,4096000,0,112,0,32,0,144,4096144,True,351104,351253,-149,-0.000424375683558148,-149,True,"brotli11,bz2_9,gzip9,xz9,zlib9,zstd19","brotli11,bz2_9,gzip9,xz9,zlib9,zstd19",-160914,True,,,,raw_gap-160914 no_deduction header_perturbation-149,"{""brotli"": ""1.2.0"", ""bz2"": ""stdlib"", ""gzip"": ""stdlib"", ""lzma"": ""stdlib"", ""numpy"": ""2.2.6"", ""python"": ""3.13.6"", ""zlib"": ""stdlib"", ""zstandard"": ""0.25.0""}",Windows-11-10.0.22631-SP0,361878,361866,366915,354780,353980,351104,361891,361879,366980,354792,353999,351253
phase4_silesia_mr_p512000,phase4_silesia,results/phase4_silesia/phase4_silesia_mr_p512000.json,silesia_mr_prefix_512000,cb9f37f22f8b8df7defee90d87b43b9ccc77377548f710d5471bcb5693e78bc1,512000,,c50c71ef25b848656c26732f25d7206482f77e93-dirty,2026-08-29T11:19:41.435053+00:00,"{""category"": ""silesia"", ""codec"": ""gf2_best"", ""label"": ""public_corpus_prefix"", ""member"": ""mr"", ""n_bytes"": 512000}",PASSTHROUGH,0,4096000,0,512018,4096000,0,112,0,32,0,144,4096144,True,114134,114212,-78,-0.0006834072230886502,-78,True,"brotli11,bz2_9,gzip9,xz9,zlib9,zstd19","brotli11,bz2_9,gzip9,xz9,zlib9,zstd19",-397884,True,,,,raw_gap-397884 no_deduction header_perturbation-78,"{""brotli"": ""1.2.0"", ""bz2"": ""stdlib"", ""gzip"": ""stdlib"", ""lzma"": ""stdlib"", ""numpy"": ""2.2.6"", ""python"": ""3.13.6"", ""zlib"": ""stdlib"", ""zstandard"": ""0.25.0""}",Windows-11-10.0.22631-SP0,169225,169213,114134,129152,149601,133181,169240,169228,114212,129340,149715,131865
phase4_silesia_nci_p512000,phase4_silesia,results/phase4_silesia/phase4_silesia_nci_p512000.json,silesia_nci_prefix_512000,ee9bc47fe8fd6424b4f1169d83cb30215eabb9f576f725814100856898d59b4b,512000,,c50c71ef25b848656c26732f25d7206482f77e93-dirty,2026-08-29T11:20:34.734850+00:00,"{""category"": ""silesia"", ""codec"": ""gf2_best"", ""label"": ""public_corpus_prefix"", ""member"": ""nci"", ""n_bytes"": 512000}",GF2,1,7,512000,448037,3584000,15,216,1,32,32,296,3584296,True,29853,47686,-17833,-0.5973603992898536,-17833,True,"brotli11,bz2_9,gzip9,xz9,zlib9,zstd19","brotli11,bz2_9,gzip9,xz9,zlib9,zstd19",-418184,True,,,,raw_gap-418184 comp_gap-17833,"{""brotli"": ""1.2.0"", ""bz2"": ""stdlib"", ""gzip"": ""stdlib"", ""lzma"": ""stdlib"", ""numpy"": ""2.2.6"", ""python"": ""3.13.6"", ""zlib"": ""stdlib"", ""zstandard"": ""0.25.0""}",Windows-11-10.0.22631-SP0,46955,46943,29853,33444,34026,31670,83021,83009,47686,53220,57982,53611
phase4_silesia_ooffice_p512000,phase4_silesia,results/phase4_silesia/phase4_silesia_ooffice_p512000.json,silesia_ooffice_prefix_512000,dee624c889febeebcc4712ceee0006cd4a6bc044119584ba566980e529df2325,512000,,2a4733c8e72b0657f50c6bc9767237162c6be7db-dirty,2026-08-29T11:09:53.830986+00:00,"{""category"": ""silesia"", ""codec"": ""gf2_best"", ""label"": ""public_corpus_prefix"", ""member"": ""ooffice"", ""n_bytes"": 512000}",PASSTHROUGH,0,4096000,0,512018,4096000,0,112,0,32,0,144,4096144,True,238012,238032,-20,-8.402937667008387e-05,-20,True,"brotli11,bz2_9,gzip9,xz9,zlib9,zstd19","brotli11,bz2_9,gzip9,xz9,zlib9,zstd19",-274006,True,,,,raw_gap-274006 no_deduction header_perturbation-20,"{""brotli"": ""1.2.0"", ""bz2"": ""stdlib"", ""gzip"": ""stdlib"", ""lzma"": ""stdlib"", ""numpy"": ""2.2.6"", ""python"": ""3.13.6"", ""zlib"": ""stdlib"", ""zstandard"": ""0.25.0""}",Windows-11-10.0.22631-SP0,282840,282828,252746,238012,251102,241971,282854,282842,252280,238032,251125,241805
phase4_silesia_osdb_p512000,phase4_silesia,results/phase4_silesia/phase4_silesia_osdb_p512000.json,silesia_osdb_prefix_512000,2ae96b921a069a885b5f42a4962eb549bd8ce0c9adae4a5905840597693fa38c,512000,,3029ca42afa94a00d5b62447b6f43afbe729f7bb-dirty,2026-08-29T11:50:03.826375+00:00,"{""category"": ""silesia"", ""codec"": ""gf2_best"", ""label"": ""public_corpus_prefix"", ""member"": ""osdb"", ""n_bytes"": 512000}",PASSTHROUGH,0,4096000,0,512018,4096000,0,112,0,32,0,144,4096144,True,148688,148755,-67,-0.00045060798450446575,-67,True,"brotli11,bz2_9,gzip9,xz9,zlib9,zstd19","brotli11,bz2_9,gzip9,xz9,zlib9,zstd19",-363330,True,,,,raw_gap-363330 no_deduction header_perturbation-67,"{""brotli"": ""1.2.0"", ""bz2"": ""stdlib"", ""gzip"": ""stdlib"", ""lzma"": ""stdlib"", ""numpy"": ""2.2.6"", ""python"": ""3.13.6"", ""zlib"": ""stdlib"", ""zstandard"": ""0.25.0""}",Windows-11-10.0.22631-SP0,189301,189289,148688,158328,172583,157470,189314,189302,148755,158348,172585,157479
phase4_silesia_reymont_p512000,phase4_silesia,results/phase4_silesia/phase4_silesia_reymont_p512000.json,silesia_reymont_prefix_512000,25c23984331e6d273c2f8d36fcfcc6f2a9d2f12c6b47885a93347cd7ec9139cc,512000,,3029ca42afa94a00d5b62447b6f43afbe729f7bb-dirty,2026-08-29T11:52:12.278257+00:00,"{""category"": ""silesia"", ""codec"": ""gf2_best"", ""label"": ""public_corpus_prefix"", ""member"": ""reymont"", ""n_bytes"": 512000}",GF2,1,7,512000,448037,3584000,15,216,1,32,32,296,3584296,True,98623,136914,-38291,-0.38825628910091964,-38291,True,"brotli11,bz2_9,gzip9,xz9,zlib9,zstd19","brotli11,bz2_9,gzip9,xz9,zlib9,zstd19",-349414,True,,,,raw_gap-349414 comp_gap-38291,"{""brotli"": ""1.2.0"", ""bz2"": ""stdlib"", ""gzip"": ""stdlib"", ""lzma"": ""stdlib"", ""numpy"": ""2.2.6"", ""python"": ""3.13.6"", ""zlib"": ""stdlib"", ""zstandard"": ""0.25.0""}",Windows-11-10.0.22631-SP0,140746,140734,98623,116508,118921,116968,218358,218346,136914,171636,177521,173139
phase4_silesia_samba_p512000,phase4_silesia,results/phase4_silesia/phase4_silesia_samba_p512000.json,silesia_samba_prefix_512000,6e9b57c7fadb54664bcd829e1e412f95d143cc31740c17b692142149979b1f29,512000,,3029ca42afa94a00d5b62447b6f43afbe729f7bb-dirty,2026-08-29T11:52:32.530951+00:00,"{""category"": ""silesia"", ""codec"": ""gf2_best"", ""label"": ""public_corpus_prefix"", ""member"": ""samba"", ""n_bytes"": 512000}",PASSTHROUGH,0,4096000,0,512018,4096000,0,112,0,32,0,144,4096144,True,206199,206332,-133,-0.0006450079777302509,-133,True,"brotli11,bz2_9,gzip9,xz9,zlib9,zstd19","brotli11,bz2_9,gzip9,xz9,zlib9,zstd19",-305819,True,,,,raw_gap-305819 no_deduction header_perturbation-133,"{""brotli"": ""1.2.0"", ""bz2"": ""stdlib"", ""gzip"": ""stdlib"", ""lzma"": ""stdlib"", ""numpy"": ""2.2.6"", ""python"": ""3.13.6"", ""zlib"": ""stdlib"", ""zstandard"": ""0.25.0""}",Windows-11-10.0.22631-SP0,227999,227987,223213,210892,214927,206199,228013,228001,223254,210960,215029,206332
phase4_silesia_sao_p512000,phase4_silesia,results/phase4_silesia/phase4_silesia_sao_p512000.json,silesia_sao_prefix_512000,b935d05cfbae38ea362bf3f5b87b315856ac1ccda5f7675bb6a9dc460b34a853,512000,,c50c71ef25b848656c26732f25d7206482f77e93-dirty,2026-08-29T11:19:44.384468+00:00,"{""category"": ""silesia"", ""codec"": ""gf2_best"", ""label"": ""public_corpus_prefix"", ""member"": ""sao"", ""n_bytes"": 512000}",PASSTHROUGH,0,4096000,0,512018,4096000,0,112,0,32,0,144,4096144,True,322844,322864,-20,-6.194942448984648e-05,-20,True,"brotli11,bz2_9,gzip9,xz9,zlib9,zstd19","brotli11,bz2_9,gzip9,xz9,zlib9,zstd19",-189174,True,,,,raw_gap-189174 no_deduction header_perturbation-20,"{""brotli"": ""1.2.0"", ""bz2"": ""stdlib"", ""gzip"": ""stdlib"", ""lzma"": ""stdlib"", ""numpy"": ""2.2.6"", ""python"": ""3.13.6"", ""zlib"": ""stdlib"", ""zstandard"": ""0.25.0""}",Windows-11-10.0.22631-SP0,381121,381109,352933,322844,363404,334831,381138,381126,351802,322864,363421,334735
phase4_silesia_webster_p512000,phase4_silesia,results/phase4_silesia/phase4_silesia_webster_p512000.json,silesia_webster_prefix_512000,3fea5bf1be677cafbb4ac2b1d510cb728902d7d161631bb0b9d4b5af73898a22,512000,,3029ca42afa94a00d5b62447b6f43afbe729f7bb-dirty,2026-08-29T11:54:57.749836+00:00,"{""category"": ""silesia"", ""codec"": ""gf2_best"", ""label"": ""public_corpus_prefix"", ""member"": ""webster"", ""n_bytes"": 512000}",GF2,1,7,512000,448037,3584000,15,216,1,32,32,296,3584296,True,110460,169545,-59085,-0.5348995111352526,-59085,True,"brotli11,bz2_9,gzip9,xz9,zlib9,zstd19","brotli11,bz2_9,gzip9,xz9,zlib9,zstd19",-337577,True,,,,raw_gap-337577 comp_gap-59085,"{""brotli"": ""1.2.0"", ""bz2"": ""stdlib"", ""gzip"": ""stdlib"", ""lzma"": ""stdlib"", ""numpy"": ""2.2.6"", ""python"": ""3.13.6"", ""zlib"": ""stdlib"", ""zstandard"": ""0.25.0""}",Windows-11-10.0.22631-SP0,148926,148914,110460,125852,127618,120443,244030,244018,169545,197408,201344,197849
phase4_silesia_x-ray_p512000,phase4_silesia,results/phase4_silesia/phase4_silesia_x-ray_p512000.json,silesia_x-ray_prefix_512000,34d420201364c7b288ae907f72cf850e42c35bcff9ba5184c37030ec8e2e752c,512000,,2a4733c8e72b0657f50c6bc9767237162c6be7db-dirty,2026-08-29T11:12:09.297560+00:00,"{""category"": ""silesia"", ""codec"": ""gf2_best"", ""label"": ""public_corpus_prefix"", ""member"": ""x-ray"", ""n_bytes"": 512000}",GF2,4,60,256000,480073,3840000,304,216,0,32,32,584,3840584,True,240711,316628,-75917,-0.3153865008246403,-75917,True,"brotli11,bz2_9,gzip9,xz9,zlib9,zstd19","brotli11,bz2_9,gzip9,xz9,zlib9,zstd19",-239362,True,,,,raw_gap-239362 comp_gap-75917,"{""brotli"": ""1.2.0"", ""bz2"": ""stdlib"", ""gzip"": ""stdlib"", ""lzma"": ""stdlib"", ""numpy"": ""2.2.6"", ""python"": ""3.13.6"", ""zlib"": ""stdlib"", ""zstandard"": ""0.25.0""}",Windows-11-10.0.22631-SP0,347306,347294,240711,260404,311080,281980,429953,429941,316628,367676,393184,353574
phase4_silesia_xml_p512000,phase4_silesia,results/phase4_silesia/phase4_silesia_xml_p512000.json,silesia_xml_prefix_512000,1ae008042047777d47732811e4baef57ac075ee6d39a55d0cee925539fab9fc8,512000,,2a4733c8e72b0657f50c6bc9767237162c6be7db-dirty,2026-08-29T11:13:09.810394+00:00,"{""category"": ""silesia"", ""codec"": ""gf2_best"", ""label"": ""public_corpus_prefix"", ""member"": ""xml"", ""n_bytes"": 512000}",GF2,1,7,512000,448037,3584000,15,216,1,32,32,296,3584296,True,15438,39683,-24245,-1.5704754501878482,-24245,True,"brotli11,bz2_9,gzip9,xz9,zlib9,zstd19","brotli11,bz2_9,gzip9,xz9,zlib9,zstd19",-432599,True,,,,raw_gap-432599 comp_gap-24245,"{""brotli"": ""1.2.0"", ""bz2"": ""stdlib"", ""gzip"": ""stdlib"", ""lzma"": ""stdlib"", ""numpy"": ""2.2.6"", ""python"": ""3.13.6"", ""zlib"": ""stdlib"", ""zstandard"": ""0.25.0""}",Windows-11-10.0.22631-SP0,23240,23228,15438,17760,17277,15734,56144,56132,39683,40188,41428,40167
phase4_structured_json_fd_n2000,phase4_structured,results/phase4_structured/phase4_structured_json_fd_n2000.json,json_array_fd_n2000_s801,a594c0fc9be0904dbde602bfba2467fbf0acdc640568fc74de44443ab471ffff,81457,801,aea7e6c079bc54aa2fa4dd95815dd107e0bc050d-dirty,2026-08-29T09:54:58.472903+00:00,"{""codec"": ""gf2_best"", ""label"": ""format_FD_trap_structured_text"", ""n_rows"": 2000, ""widths"": [8, 16, 32, 64]}",GF2,15,49,152730,62503,498918,814,216,4,32,40,1106,500024,True,16167,27361,-11194,-0.6923980948846415,-11194,True,"brotli11,bz2_9,gzip9,xz9,zlib9,zstd19","brotli11,bz2_9,gzip9,xz9,zlib9,zstd19",-46336,True,,,,raw_gap-46336 comp_gap-11194,"{""brotli"": ""1.2.0"", ""bz2"": ""stdlib"", ""gzip"": ""stdlib"", ""lzma"": ""stdlib"", ""numpy"": ""2.2.6"", ""python"": ""3.13.6"", ""zlib"": ""stdlib"", ""zstandard"": ""0.25.0""}",Windows-11-10.0.22631-SP0,22774,22762,18183,17156,16995,16167,36344,36332,30927,28380,29800,27361
phase4_structured_log_fd_n2000,phase4_structured,results/phase4_structured/phase4_structured_log_fd_n2000.json,log_lines_fd_n2000_s802,c27486f53b76bcf43f0ae1184cd9ea07fb0aeeea20eee761a0a12fbab0653623,106618,802,aea7e6c079bc54aa2fa4dd95815dd107e0bc050d-dirty,2026-08-29T09:55:11.167510+00:00,"{""codec"": ""gf2_best"", ""label"": ""format_FD_trap_structured_text"", ""n_rows"": 2000, ""widths"": [8, 16, 32, 64]}",GF2,1,7,106618,93328,746326,15,216,3,32,32,298,746624,True,12203,17355,-5152,-0.42219126444316973,-5152,True,"brotli11,bz2_9,gzip9,xz9,zlib9,zstd19","brotli11,bz2_9,gzip9,xz9,zlib9,zstd19",-81125,True,,,,raw_gap-81125 comp_gap-5152,"{""brotli"": ""1.2.0"", ""bz2"": ""stdlib"", ""gzip"": ""stdlib"", ""lzma"": ""stdlib"", ""numpy"": ""2.2.6"", ""python"": ""3.13.6"", ""zlib"": ""stdlib"", ""zstandard"": ""0.25.0""}",Windows-11-10.0.22631-SP0,17251,17239,12573,12228,12203,12543,24320,24308,17355,19228,21132,18269
